"PathwayID","PathwayName","SetSize","CON-1","CON-2","CON-3","CON-4","CON-5","CON-6","Asphyxia-1","Asphyxia-2","Asphyxia-3","Asphyxia-4","Asphyxia-5","Asphyxia-6"
"mmu00020","Citrate cycle (TCA cycle)",6,0.502874569989344,0.51417569756589,0.515006419542154,0.499828389290713,0.528613651583012,0.510687377893651,0.517801591474907,0.506663054684084,0.513978739054138,0.509737632105101,0.491472783083909,0.513361014259738
"mmu00030","Pentose phosphate pathway",6,0.19443088156398,0.192264547106895,0.236770908077029,0.2203450662585,0.201146681161795,0.228569509208721,0.215158485703457,0.220454804659181,0.209021428830018,0.210516941231628,0.211375760262643,0.197627373135545
"mmu00040","Pentose and glucuronate interconversions",6,0.334917866643957,0.328264548933777,0.326971924909006,0.322700077088191,0.320560441803051,0.344642650649673,0.338117511285481,0.332571762180404,0.331989756649402,0.33492404648335,0.317274811365065,0.330575667792065
"mmu00051","Fructose and mannose metabolism",4,0.298541025528175,0.334306210771866,0.320963059925311,0.305871046987923,0.322066660147795,0.324114382401127,0.323769888654627,0.339655234634406,0.328359581177097,0.309662735623755,0.340594980161257,0.29436770224749
"mmu00052","Galactose metabolism",5,0.408981752273803,0.426201338873986,0.413641821066053,0.408278733567505,0.417364215716808,0.427877598361719,0.405445544384244,0.422962018941503,0.424209570135011,0.373131214382665,0.408004894477709,0.387460511188583
"mmu00053","Ascorbate and aldarate metabolism",9,0.349058127095322,0.360237362464948,0.345787055171338,0.332344103791036,0.289393897392712,0.367146285950648,0.369348151386591,0.350741761839642,0.35604474273575,0.343065289659461,0.334334638823811,0.33046989245928
"mmu00061","Fatty acid biosynthesis",3,0.293302359727111,0.296994720931336,0.318215227189442,0.317370924279893,0.304378563945716,0.330615091954321,0.2736121932534,0.347274087895482,0.307191624573854,0.326242227519835,0.321428665397209,0.321204109316818
"mmu00120","Primary bile acid biosynthesis",3,0.0447432379903563,0.0297221990571247,0.0336220974224241,0.0181682008484593,0.0155628646983386,0.0249654386341603,0.0160517318063586,0.0154771327733698,0.0882838556571567,0.0948025358013117,0.112575160994355,0.0915599805718275
"mmu00140","Steroid hormone biosynthesis",4,-0.300047193510702,-0.261765990747397,-0.317977847824658,-0.297782360259633,-0.357351761521861,-0.304692676575034,-0.184411492297288,-0.125845418656848,-0.242717350895052,-0.248057494916344,-0.227146618983265,-0.238663524253389
"mmu00190","Oxidative phosphorylation",5,0.470335585796214,0.491260984395998,0.488687937327574,0.469291048289222,0.505090149980323,0.482815084783184,0.498109159200382,0.484810471295574,0.490765466385081,0.483454547902301,0.482719063361364,0.473140247740818
"mmu00220","Arginine biosynthesis",11,0.423723530592411,0.427750229010565,0.424610813477177,0.419818615820324,0.42502381020663,0.444347287346984,0.462976941469782,0.42940472363633,0.433933249601904,0.434866802689991,0.443630124946136,0.424055515111199
"mmu00230","Purine metabolism",22,0.297839218851626,0.30146893181917,0.312562014143501,0.309927929376416,0.332369017503838,0.322207392026723,0.313067867776027,0.317243970931651,0.324939391627694,0.307280870332826,0.326122752305424,0.305909320049981
"mmu00240","Pyrimidine metabolism",13,0.360923112716474,0.357108578838305,0.36479516702542,0.353615053695868,0.370977236503651,0.370189089646173,0.377062591081186,0.373346380602135,0.372846993519908,0.354057396998025,0.365761588917431,0.363567431391359
"mmu00250","Alanine, aspartate and glutamate metabolism",16,0.491512974842292,0.502604813846591,0.485591313166819,0.496409256694519,0.512367000915284,0.504885443937872,0.524110316275191,0.506362323799932,0.510484760076817,0.500887042947702,0.51373278048956,0.500301198799767
"mmu00260","Glycine, serine and threonine metabolism",11,0.474356574264162,0.462574976842174,0.477978286965892,0.481909076486425,0.483333088739256,0.477867177412766,0.477872230580597,0.47035782413597,0.468550125254234,0.481415613155558,0.496016994549368,0.488526232763909
"mmu00270","Cysteine and methionine metabolism",15,0.38848540162114,0.380799030527352,0.39117964088989,0.367603749090119,0.391253413683724,0.395521054371238,0.391005344315493,0.378970340934966,0.392129937187966,0.395162914132103,0.37965947633071,0.38722630675607
"mmu00310","Lysine degradation",6,0.431840849988906,0.473766590632947,0.468701161032385,0.447317433323223,0.483102077648142,0.457428154616514,0.45948596635639,0.463529739877342,0.461299825425089,0.464713286426347,0.453965544215963,0.49545499417829
"mmu00330","Arginine and proline metabolism",13,0.401246302237209,0.406963007659365,0.424686693782258,0.400228029303026,0.413759058962226,0.400044750421709,0.393565766102812,0.393234625080148,0.406003397327887,0.401389095697706,0.413025091992556,0.392328276939483
"mmu00340","Histidine metabolism",11,0.297314490869271,0.287373577499773,0.326446555502587,0.302899990084857,0.330762205323308,0.320536185250307,0.279758160253609,0.313858454220961,0.31471057611666,0.321209981308072,0.330413777517101,0.311968164039928
"mmu00350","Tyrosine metabolism",8,0.314162927521525,0.309528834151631,0.297858162247527,0.288304846869223,0.311931822178704,0.306067124334267,0.316051136162354,0.300225267707225,0.30842319038753,0.33008619439713,0.312607131925984,0.318029718927831
"mmu00360","Phenylalanine metabolism",5,0.449747631640502,0.46256303115067,0.453968528013656,0.429486417510296,0.475336330733916,0.458231757240967,0.474720701715796,0.450176143031681,0.453774796626601,0.496998481230974,0.484190562652153,0.490417690329629
"mmu00380","Tryptophan metabolism",11,-0.0415362458154882,-0.0596835700209794,-0.0413135224706246,-0.0767249436845827,-0.0757197724594722,-0.0489192376687741,-0.0299382744891288,-0.0557822765352033,-0.04644160831194,-0.0549391097057027,-0.0725861185281553,-0.0793401916642407
"mmu00400","Phenylalanine, tyrosine and tryptophan biosynthesis",5,0.376366153013741,0.374421856033038,0.379914739060062,0.37419271746961,0.367380192728847,0.380127319507207,0.385518264009029,0.38475539668408,0.38878133514415,0.389451105594511,0.388416098424521,0.385131887269997
"mmu00410","beta-Alanine metabolism",8,0.51133028263522,0.492040219482713,0.519417898344295,0.524060569517783,0.494946138397416,0.504061660282994,0.468842696920673,0.5133219522546,0.509261696250788,0.494544774383041,0.523011088817456,0.501406831888474
"mmu00430","Taurine and hypotaurine metabolism",7,0.484297791122484,0.48382491077089,0.528169147457671,0.499990648871937,0.494969339632829,0.508957932424206,0.48609805503628,0.494354955011478,0.490823589105138,0.49915227670742,0.509396803957154,0.499492202065046
"mmu00470","D-Amino acid metabolism",15,0.55035028854653,0.541004326422518,0.53999560715185,0.54613854401125,0.550717573934953,0.547478995815908,0.550668863057724,0.549669923169429,0.539142835250643,0.542944664954683,0.54748648764057,0.551072389277364
"mmu00480","Glutathione metabolism",10,0.4426926471043,0.419542325223725,0.422569863556614,0.422394100426457,0.431057763738478,0.432444316075286,0.427641155250077,0.436612893077752,0.442663008120427,0.4249806577377,0.437735859644115,0.434272858483025
"mmu00520","Amino sugar and nucleotide sugar metabolism",7,0.24845155310224,0.260139690124087,0.249906586220941,0.252235929629571,0.253937717871031,0.273268123260411,0.27821574120435,0.25913419012134,0.255446653722122,0.249409000704741,0.249466589393454,0.227227733080792
"mmu00524","Neomycin, kanamycin and gentamicin biosynthesis",3,0.557116654012484,0.56427080173092,0.556045726807087,0.561752408102481,0.563554718646626,0.563419655194222,0.571850422343588,0.570852036818308,0.574632433692223,0.567496164021205,0.582120929100332,0.570897137726984
"mmu00541","Biosynthesis of various nucleotide sugars",6,0.235515772610336,0.2587874680532,0.254426020705281,0.256253560623556,0.208718551468295,0.261310717153349,0.310138702189845,0.245781213924447,0.277933682208126,0.25057647967124,0.287857307587616,0.239553971155801
"mmu00561","Glycerolipid metabolism",4,0.402679854491367,0.399889439616902,0.422524193799219,0.429508658902771,0.425783925066343,0.43085696897064,0.410761081186366,0.424303334871939,0.418358325933738,0.399701313904928,0.425761946009097,0.419466893185709
"mmu00562","Inositol phosphate metabolism",4,0.404119929301992,0.413215325206777,0.400884088619768,0.404767534561904,0.401140648996296,0.42402216659689,0.416992555500227,0.41985684577652,0.415943292240136,0.411571897414298,0.414744066894105,0.424290157844696
"mmu00564","Glycerophospholipid metabolism",19,0.3223714874368,0.339596907844533,0.342972181360404,0.341922114665561,0.331212161990862,0.328277846150137,0.324985791988563,0.318499151982334,0.338928982716156,0.339220134253157,0.321707017925378,0.323522662671198
"mmu00590","Arachidonic acid metabolism",9,0.244367292584014,0.210991771369524,0.211331741613139,0.253203105151215,0.194008700797999,0.250942024653971,0.248490712506273,0.221593084997787,0.250131150251575,0.21345638048175,0.219512055352427,0.204640616267099
"mmu00591","Linoleic acid metabolism",4,0.357126897746788,0.363092227957032,0.345190616682424,0.35711357355259,0.338754161143601,0.360710683343417,0.372236718194839,0.319056631540201,0.360810251022948,0.342453427662111,0.342875949488558,0.3498945710057
"mmu00600","Sphingolipid metabolism",6,0.0877072383883002,0.142387330244508,0.183082073276692,0.174366438518436,0.183506375127269,0.0964146295640548,0.0656432326701456,0.0657032975820333,0.0801693762464757,0.0710683949708264,0.0523808591281828,0.0432708112230669
"mmu00620","Pyruvate metabolism",5,0.558018611040868,0.562091233834904,0.56203864533767,0.541294840695593,0.574722592387343,0.551535079738817,0.567738746143235,0.554497746425001,0.554999303562193,0.569144367111286,0.56116062184403,0.569097765891815
"mmu00630","Glyoxylate and dicarboxylate metabolism",14,0.425829157355577,0.429767762881717,0.439302153388537,0.430282181692879,0.441277120460596,0.430487204442509,0.438119277558672,0.430726128124178,0.4276744773557,0.432917846912082,0.415954270004384,0.427182540125427
"mmu00640","Propanoate metabolism",5,0.368567237210956,0.369027908324142,0.375376410963089,0.35987369907483,0.382638948752301,0.383769727218146,0.38833013966735,0.371133433255841,0.380741413444502,0.386168366954445,0.379319102077403,0.372119165912013
"mmu00650","Butanoate metabolism",7,0.548108092007533,0.559995440695434,0.557832022382993,0.540341441826063,0.568987342361212,0.553374960870076,0.563969305800188,0.553742042180391,0.551933119933468,0.559814403742601,0.555297303871095,0.558831640788875
"mmu00660","C5-Branched dibasic acid metabolism",3,0.449192210816814,0.460978669633936,0.466589995737116,0.472057267011212,0.474045650871499,0.471584912416826,0.466761320018369,0.460513099989663,0.475343012477006,0.440662267242663,0.428316161536166,0.457159315883748
"mmu00670","One carbon pool by folate",5,0.433804701445291,0.423170166584634,0.431168799198769,0.426314323106306,0.438787612822857,0.44901814896894,0.432818165789604,0.44299161619371,0.446397515764149,0.431253940617104,0.426885290268092,0.43751420294476
"mmu00730","Thiamine metabolism",4,0.258239654434791,0.235750658634945,0.268820895955021,0.288460462533092,0.28012863718191,0.283257563915905,0.269490390009371,0.259074849679495,0.27581946797066,0.263229713303642,0.275626893484054,0.240534313719235
"mmu00740","Riboflavin metabolism",5,0.0707062324325129,0.0649501506259325,0.0932993300489446,0.0737661144644013,0.0763103018815648,0.0885632474343307,0.0587475301533462,0.070008251452304,0.0707416788019613,0.083597481381994,0.0734110438856871,0.0473694812296493
"mmu00750","Vitamin B6 metabolism",6,0.106495169489145,0.111728111089752,0.13840209536513,0.130217721172686,0.128446776830137,0.118485991542559,0.126755010424356,0.148238774333601,0.156441185592952,0.122964085840231,0.139323624344373,0.124970025320621
"mmu00760","Nicotinate and nicotinamide metabolism",9,0.489755963103369,0.516235717806418,0.497951514117221,0.489905148987347,0.510273217293257,0.490221304072844,0.507527022496554,0.483866022527974,0.498449774631899,0.506106253656885,0.498067320940937,0.495052861451886
"mmu00770","Pantothenate and CoA biosynthesis",8,0.250803140459845,0.241175485604491,0.21533604003661,0.195605308747502,0.232046761898844,0.247557044561673,0.238874146758533,0.251026235709288,0.25404088132373,0.218348424570852,0.24722203569989,0.24142700584421
"mmu00860","Porphyrin metabolism",3,0.525486737826271,0.545746369926505,0.509517276006893,0.535684159115953,0.539667978756442,0.519724531940384,0.553666048907355,0.533218892221525,0.509416656198198,0.534419672600205,0.548291055569774,0.531424970485491
"mmu00920","Sulfur metabolism",7,0.340867624103667,0.342974648953696,0.35663707055126,0.34394548029761,0.383204878724111,0.359197954835944,0.348845337607219,0.362100688509775,0.359050825872387,0.360258046581114,0.375193793885699,0.373615236429155
"mmu00970","Aminoacyl-tRNA biosynthesis",15,0.535671460003449,0.529151886819901,0.516321564530533,0.527875026868951,0.533751864126551,0.532133048052053,0.534290560132481,0.533472781684009,0.527293578798399,0.528906583910021,0.538102188743207,0.538908840286596
"mmu00983","Drug metabolism - other enzymes",4,0.232878354618314,0.330581485006827,0.271467009502461,0.178181929317268,0.35283680423875,0.244954554771213,0.219402488074073,0.253447910642989,0.230816009336397,0.343081635567995,0.232910886081315,0.331335879921844
"mmu01040","Biosynthesis of unsaturated fatty acids",7,0.349729637111336,0.340299379841722,0.338201145235695,0.334949226807702,0.334487038980562,0.344425582605016,0.319314646446937,0.313304476816986,0.333640040960513,0.3422569137657,0.314857746930861,0.324267351369813
"mmu01523","Antifolate resistance",4,0.512328218129142,0.549989805962033,0.502440085601272,0.539755422201885,0.539784531559055,0.545249810042058,0.528425626697408,0.535725894731882,0.538768194212054,0.504887764377083,0.524234473338451,0.527405981676845
"mmu02010","ABC transporters",32,0.448890203712529,0.441105311629669,0.443557174620974,0.430223827309249,0.448438263448302,0.44881540083434,0.450026089783702,0.447581816822088,0.44462949749343,0.440511351331668,0.443750387183935,0.445153160217643
"mmu04022","cGMP-PKG signaling pathway",3,0.274195927448457,0.330180730832881,0.283572140636807,0.300011150610384,0.31872185341948,0.327343934527887,0.311545095934313,0.295829079559254,0.31750092172967,0.291981885729568,0.315615917524725,0.304717523459534
"mmu04024","cAMP signaling pathway",9,0.28946567792172,0.337813063529423,0.295142196128312,0.293275343726883,0.330553477840958,0.313458925913057,0.303219955913902,0.303032987707905,0.29399593383834,0.324151314431197,0.30879824589163,0.310300127873624
"mmu04068","FoxO signaling pathway",3,0.421404964757624,0.451821548824441,0.437950625933777,0.45872373904818,0.459328034032269,0.447111572338584,0.456101649188311,0.451260152279121,0.469902607447366,0.417495990892099,0.448739824133315,0.416243356017827
"mmu04071","Sphingolipid signaling pathway",4,0.242418103878702,0.287948854280772,0.311801019629386,0.314343625348575,0.311278101318933,0.249368405233417,0.223271308247186,0.218338542914939,0.237750976993475,0.234614350852071,0.232225324689044,0.213669255376225
"mmu04072","Phospholipase D signaling pathway",5,0.213962563145118,0.234973638832188,0.26276100532518,0.257006930199407,0.254029423281051,0.236575976859647,0.228524043289627,0.208570900023247,0.2442857352953,0.20237107108028,0.22621757786524,0.195111180898717
"mmu04080","Neuroactive ligand-receptor interaction",15,0.352745946374459,0.356898868005489,0.375265212064764,0.381857408116736,0.374146619461458,0.354007120825091,0.361162480174502,0.346846966442607,0.365854811219703,0.348994710592703,0.357537544292564,0.335255203609012
"mmu04082","Neuroactive ligand signaling",7,0.322896440839879,0.338892093296794,0.338442970159487,0.337521168996737,0.33938710677981,0.344935561490065,0.344781529012469,0.339749445469968,0.346216543846585,0.334753504927889,0.357138340010587,0.329518968728721
"mmu04122","Sulfur relay system",4,0.329227184011967,0.33152646157789,0.31929031963262,0.326044260958806,0.333256912184848,0.354772916777772,0.362670933261703,0.338086291191599,0.368837104597199,0.342661115277243,0.341563743459445,0.319270858176051
"mmu04148","Efferocytosis",16,0.276537517457028,0.290666811827408,0.298281932357834,0.292329237575327,0.294731884657936,0.274443164063623,0.260999263850178,0.273001034515567,0.290444568296629,0.29182209690355,0.265167064630104,0.264956298748296
"mmu04152","AMPK signaling pathway",4,0.0927826823666653,0.117469246475088,0.155268872644399,0.167905806583319,0.176922175167453,0.101078540990463,0.135401799572296,0.143381825078904,0.134009788163643,0.184254572116049,0.126316185126963,0.069657412576592
"mmu04216","Ferroptosis",5,0.429347028766254,0.415489532884904,0.445255453080918,0.391183526525104,0.431284235943821,0.438993376551763,0.444692721960956,0.425338669486005,0.432191693232713,0.434365888366384,0.404412514187244,0.427732611267149
"mmu04540","Gap junction",4,0.194826824437361,0.213794028135025,0.21126946326345,0.20332752020769,0.213565074654937,0.220300886063426,0.220754298913598,0.208266433004112,0.211335805711064,0.226970045433243,0.239183158045487,0.221036298980186
"mmu04714","Thermogenesis",4,0.269691501104727,0.302662075195142,0.30830018090866,0.291732097246277,0.308632953057496,0.291857955530502,0.304944700951724,0.279496315542726,0.318474020744141,0.287148304006061,0.308057000122682,0.2736174334596
"mmu04721","Synaptic vesicle cycle",4,0.395875081539217,0.395418360868519,0.396813575000152,0.409178459784484,0.396762351226306,0.398570818980394,0.402652294327621,0.399656475230111,0.402247268009309,0.409903449982954,0.429186011684499,0.408034668958349
"mmu04723","Retrograde endocannabinoid signaling",6,0.339574212167101,0.369641477762551,0.354844947280428,0.347021306072523,0.346455905073976,0.354376521072512,0.373605641400854,0.31223901116665,0.360493411987065,0.350277161362375,0.357031215770471,0.347726609415415
"mmu04724","Glutamatergic synapse",3,0.394616756775193,0.421424643574343,0.407115689832214,0.399652780746523,0.41710692255227,0.422166740199811,0.416196421374834,0.404777214070196,0.414938339906671,0.413336755271161,0.419697494676076,0.415062145357299
"mmu04726","Serotonergic synapse",8,0.17315144477739,0.156100525240905,0.160129397543583,0.185946401125557,0.143224863295389,0.196963475778353,0.189343790761636,0.166436747894369,0.184727452949367,0.17177283719785,0.17421845043801,0.151051737221624
"mmu04727","GABAergic synapse",6,0.480941095796893,0.507310432460548,0.495580363302886,0.473478100799585,0.51225027832834,0.495729101415184,0.498128407480542,0.484232985300623,0.490225894140576,0.507428898493076,0.49333627073271,0.500067901398159
"mmu04728","Dopaminergic synapse",4,0.20351950771262,0.202835693385994,0.188958372732702,0.177218611137488,0.205853243638441,0.235445384962366,0.206573500523976,0.206125765572224,0.203882000173282,0.227980104555127,0.241875606691339,0.228944999880913
"mmu04740","Olfactory transduction",3,0.274195927448457,0.330180730832881,0.283572140636807,0.300011150610384,0.31872185341948,0.327343934527887,0.311545095934313,0.295829079559254,0.31750092172967,0.291981885729568,0.315615917524725,0.304717523459534
"mmu04742","Taste transduction",10,0.388386205648001,0.417663634489427,0.39804673371844,0.414739000425042,0.411406596224883,0.417662773078508,0.410190217157938,0.409592848144383,0.417954942999357,0.388405376142357,0.415076468252484,0.393881020065074
"mmu04750","Inflammatory mediator regulation of TRP channels",3,-0.0231720283982789,-0.00210795823127623,0.00425824347142898,-0.0112328201288112,-0.0108345271992913,0.026317864528408,0.0211541910320768,0.00086515787165759,0.000727859186866844,0.015395693816681,0.00152529212290775,-0.0229506062401388
"mmu04913","Ovarian steroidogenesis",4,0.0758704900465307,0.0612204213522992,0.071603654416446,0.100741433023191,0.0613286730596433,0.114248961144937,0.110312572243074,0.0663455637408762,0.119130576350803,0.0610461455370167,0.0870964402822854,0.0657379816826303
"mmu04917","Prolactin signaling pathway",4,0.390321440283223,0.370999700765611,0.359454085235132,0.364608509197198,0.37495375999263,0.392313241265095,0.380645230837051,0.3877462027925,0.381528885183766,0.403298358756162,0.41518143825289,0.409935421649731
"mmu04918","Thyroid hormone synthesis",4,0.396091898304357,0.406938825122456,0.385697434974202,0.316019136180728,0.368185367202776,0.410877720381844,0.417978263629529,0.399729985422559,0.415196547651146,0.387966466336504,0.357933794419377,0.387471785283494
"mmu04921","Oxytocin signaling pathway",4,0.184234523827739,0.172620702087924,0.182430230008727,0.197306055542134,0.174334358308227,0.223262106342644,0.218440653526756,0.189937382670879,0.221839056264763,0.175727290237341,0.202741880878414,0.173164266486871
"mmu04922","Glucagon signaling pathway",6,0.477847720195384,0.49620887047352,0.489408633011107,0.465693525745573,0.501851587844303,0.489068869078312,0.49416245299507,0.480432911414705,0.485420833952494,0.495516498506449,0.487582480174115,0.491190285737403
"mmu04923","Regulation of lipolysis in adipocytes",4,0.127453122603538,0.179003542084778,0.136240332252086,0.15383153373844,0.156033472491829,0.16724632839583,0.209232608152616,0.233682705529265,0.183521025428907,0.180563964730155,0.208794460150002,0.182158795847093
"mmu04924","Renin secretion",4,0.226715728699169,0.257278663423492,0.242327842510056,0.258156380699949,0.257531602069929,0.275840053288255,0.264387901179933,0.255241877819063,0.277513260243358,0.232795893473333,0.255626165642337,0.216587010569996
"mmu04925","Aldosterone synthesis and secretion",3,0.00239521143917208,0.0975542812388196,0.0349819990489937,0.023232504319503,0.0519871911727423,0.0565696233545071,0.126143747354496,0.160403277410397,0.0860742426234188,0.0878891177931512,0.137139652111061,0.108750470430157
"mmu04928","Parathyroid hormone synthesis, secretion and action",3,0.322478099937766,0.36325895521669,0.34275962941586,0.340196303062072,0.359639529583967,0.366519974493457,0.350504135141825,0.336566833858414,0.358093412798515,0.342812706838247,0.355721775218263,0.344744402718932
"mmu04931","Insulin resistance",3,0.548490373275088,0.54514152791279,0.542631379268474,0.543878631894914,0.551719776341902,0.556400350585247,0.556251439066478,0.558448348121454,0.551493278471656,0.550365468737487,0.564072748252001,0.549962257513909
"mmu04964","Proximal tubule bicarbonate reclamation",4,0.638214377970363,0.638914626688611,0.634950316121377,0.63984685106568,0.641247712426914,0.635881001854366,0.642648238478139,0.63891226972072,0.641013910073938,0.639383010506257,0.639150473428695,0.640550788732114
"mmu04974","Protein digestion and absorption",17,0.485447989522668,0.477444947340548,0.468866270219963,0.480198324366138,0.488898951963195,0.483993764462427,0.487854813352159,0.482175411500317,0.473426472896945,0.488534250980219,0.494493215277111,0.495684933291611
"mmu04976","Bile secretion",14,0.301613986105211,0.289829804587193,0.293960167251315,0.288095916197085,0.28341025534186,0.297453608265483,0.294468671962753,0.290543857492508,0.320734617369547,0.295076183685788,0.304053289491868,0.285057662642911
"mmu04977","Vitamin digestion and absorption",7,0.188450575675139,0.191297673642828,0.205248330586091,0.211136686036211,0.217133992240906,0.220590577214489,0.186590517302337,0.185395577443604,0.205480205104033,0.21418074151376,0.19669732147459,0.17767047543257
"mmu04978","Mineral absorption",9,0.536765528967531,0.531970867303261,0.49544615542665,0.522301094366164,0.530262510556222,0.526258643605631,0.536394752205574,0.534018686753008,0.519794624785419,0.5327663681959,0.540365006931595,0.54053523046405
"mmu04981","Folate transport and metabolism",6,0.391067324590229,0.403760309570664,0.37507569264852,0.380090433755348,0.383771433429717,0.407284937506123,0.411309123376575,0.369516080987032,0.399384018671553,0.389688706114007,0.379796957483907,0.390105361025676
"mmu05012","Parkinson disease",8,0.3344229828996,0.346531971751842,0.337419973032528,0.338119224199026,0.35242494757789,0.362525472205578,0.351054976580879,0.34776451493432,0.354363996589488,0.345548513813459,0.362852021475503,0.34334167198516
"mmu05014","Amyotrophic lateral sclerosis",3,0.475800885670609,0.488558060149628,0.488711090167153,0.493030835814517,0.495981047014297,0.490619789826224,0.499688828639925,0.495695551710719,0.506044387842606,0.466027242650963,0.491833729485947,0.461687449499035
"mmu05022","Pathways of neurodegeneration - multiple diseases",6,0.511825077603268,0.528020814946185,0.522434673600111,0.529734925232072,0.534046669701561,0.529582066063584,0.532144878321389,0.525624228000028,0.537235823099417,0.511745778349022,0.527161855457478,0.509744940569407
"mmu05030","Cocaine addiction",5,0.299957038025124,0.302281531965128,0.290271149581931,0.283456336807861,0.304933411012947,0.323585224264338,0.30531422580523,0.303442032395924,0.303175313651258,0.318373018767157,0.331054284724711,0.32067409802452
"mmu05031","Amphetamine addiction",5,0.299957038025124,0.302281531965128,0.290271149581931,0.283456336807861,0.304933411012947,0.323585224264338,0.30531422580523,0.303442032395924,0.303175313651258,0.318373018767157,0.331054284724711,0.32067409802452
"mmu05032","Morphine addiction",4,0.362612861380383,0.389917786527143,0.373860151286588,0.365920765057231,0.386842093456746,0.395210416709468,0.382464735793708,0.374383012277237,0.387575818895057,0.38896109406653,0.398104926353516,0.39090026408156
"mmu05034","Alcoholism",5,0.299957038025124,0.302281531965128,0.290271149581931,0.283456336807861,0.304933411012947,0.323585224264338,0.30531422580523,0.303442032395924,0.303175313651258,0.318373018767157,0.331054284724711,0.32067409802452
"mmu05143","African trypanosomiasis",3,0.299349038874445,0.279302311004135,0.278895022980772,0.283106782974029,0.270054450911665,0.302315160530427,0.287199653510835,0.284112886403086,0.289887662327902,0.314562834044416,0.291626024810054,0.282793798036493
"mmu05146","Amoebiasis",4,0.367196342369873,0.378739584195517,0.371303128363098,0.365822772655482,0.333576293750529,0.398869555272065,0.379005235590176,0.366204994365708,0.381795261800786,0.380469270245947,0.379606106446785,0.363789635215531
"mmu05200","Pathways in cancer",5,0.321982111815106,0.313714025392429,0.310600532323005,0.329142732697,0.305913318370907,0.339844980893335,0.333292998255538,0.316560245180536,0.33801068249112,0.316783584503918,0.318644512822451,0.307744844834223
"mmu05208","Chemical carcinogenesis - reactive oxygen species",4,0.423944021269156,0.426127442542158,0.397096694683313,0.332462956407575,0.395482371861237,0.43414391854586,0.437866412698966,0.42516809664939,0.445302860606442,0.412395682181598,0.354780018471816,0.401952471586226
"mmu05215","Prostate cancer",4,0.466980625653631,0.449089130340046,0.438303207062249,0.475742017636294,0.449369094068115,0.458448024974814,0.471794789782908,0.449170259453849,0.468148846483627,0.456116891187464,0.447385051814748,0.452299568747006
"mmu05230","Central carbon metabolism in cancer",18,0.560344565406849,0.555944892226365,0.547601584134737,0.549834700602314,0.562241159458807,0.559180827283365,0.561701114900302,0.561129158023365,0.559114950357228,0.56181257146346,0.565988125777441,0.567565155021034
"mmu05231","Choline metabolism in cancer",15,0.2866678090035,0.302422398241808,0.305640789984208,0.30627808438131,0.294256921642143,0.287676571332325,0.278249161174128,0.279620115936507,0.300699600872283,0.300386761258015,0.279105310605855,0.283660583511328
"mmu05415","Diabetic cardiomyopathy",6,0.550167015221541,0.54391276359665,0.539032676885234,0.499711108792896,0.527702268891501,0.547259936907393,0.563636281877149,0.550978959196829,0.561240193350252,0.538757831633961,0.520943033915648,0.536647758520094
