"FeatureKey","FeatureLabel","KEGGCompound","PathwayID","PathwayName"
"FT4461PR","11-Dehydrocorticosterone","C05490","mmu00140","Steroid hormone biosynthesis"
"FT4483PR","Corticosterone","C02140","mmu00140","Steroid hormone biosynthesis"
"FT4483PR","Corticosterone","C02140","mmu04923","Regulation of lipolysis in adipocytes"
"FT4483PR","Corticosterone","C02140","mmu04925","Aldosterone synthesis and secretion"
"FT4483PR","Corticosterone","C02140","mmu05020","Prion disease"
"FT4993PR","Sphinganine 1-phosphate","C01120","mmu00600","Sphingolipid metabolism"
"FT4993PR","Sphinganine 1-phosphate","C01120","mmu04080","Neuroactive ligand-receptor interaction"
"FT4274NR","Sphingosine 1-phosphate","C06124","mmu00600","Sphingolipid metabolism"
"FT4274NR","Sphingosine 1-phosphate","C06124","mmu04020","Calcium signaling pathway"
"FT4274NR","Sphingosine 1-phosphate","C06124","mmu04071","Sphingolipid signaling pathway"
"FT4274NR","Sphingosine 1-phosphate","C06124","mmu04072","Phospholipase D signaling pathway"
"FT4274NR","Sphingosine 1-phosphate","C06124","mmu04080","Neuroactive ligand-receptor interaction"
"FT4274NR","Sphingosine 1-phosphate","C06124","mmu04148","Efferocytosis"
"FT4274NR","Sphingosine 1-phosphate","C06124","mmu04371","Apelin signaling pathway"
"FT4274NR","Sphingosine 1-phosphate","C06124","mmu04666","Fc gamma R-mediated phagosome formation"
"FT4274NR","Sphingosine 1-phosphate","C06124","mmu05152","Tuberculosis"
"FT2359PR","Gamma-Glutamylalanine","C03740","mmu00480","Glutathione metabolism"
"FT4461NR","N-Acetylneuraminic acid 9-phosphate","C06241","mmu00541","Biosynthesis of various nucleotide sugars"
"FT5804PR","Glucosylsphingosine","C03108","mmu00600","Sphingolipid metabolism"
"FT5199PR","Palmitoylcarnitine","C02990","mmu00071","Fatty acid degradation"
"FT1064NR","4-Pyridoxic acid","C00847","mmu00750","Vitamin B6 metabolism"
"FT5374PR","Hyaluronic acid","C00518","mmu04613","Neutrophil extracellular trap formation"
"FT5374PR","Hyaluronic acid","C00518","mmu05418","Fluid shear stress and atherosclerosis"
"FT3426NR","Docosapentaenoic acid (22n-3)","C16513","mmu01040","Biosynthesis of unsaturated fatty acids"
"FT1339NR","N-Acetyl-L-phenylalanine","C03519","mmu00360","Phenylalanine metabolism"
"FT0521NR","Malic acid","C00149","mmu00020","Citrate cycle (TCA cycle)"
"FT0521NR","Malic acid","C00149","mmu00620","Pyruvate metabolism"
"FT0521NR","Malic acid","C00149","mmu00630","Glyoxylate and dicarboxylate metabolism"
"FT0521NR","Malic acid","C00149","mmu04742","Taste transduction"
"FT0521NR","Malic acid","C00149","mmu04922","Glucagon signaling pathway"
"FT0521NR","Malic acid","C00149","mmu04964","Proximal tubule bicarbonate reclamation"
"FT0521NR","Malic acid","C00149","mmu05200","Pathways in cancer"
"FT0521NR","Malic acid","C00149","mmu05211","Renal cell carcinoma"
"FT0521NR","Malic acid","C00149","mmu05230","Central carbon metabolism in cancer"
"FT2131NR","Glucose 6-phosphate","C00092","mmu00500","Starch and sucrose metabolism"
"FT2131NR","Glucose 6-phosphate","C00092","mmu00524","Neomycin, kanamycin and gentamicin biosynthesis"
"FT2131NR","Glucose 6-phosphate","C00092","mmu00562","Inositol phosphate metabolism"
"FT2131NR","Glucose 6-phosphate","C00092","mmu04911","Insulin secretion"
"FT2131NR","Glucose 6-phosphate","C00092","mmu04917","Prolactin signaling pathway"
"FT2131NR","Glucose 6-phosphate","C00092","mmu04918","Thyroid hormone synthesis"
"FT2131NR","Glucose 6-phosphate","C00092","mmu04931","Insulin resistance"
"FT2131NR","Glucose 6-phosphate","C00092","mmu04973","Carbohydrate digestion and absorption"
"FT2131NR","Glucose 6-phosphate","C00092","mmu05230","Central carbon metabolism in cancer"
"FT2131NR","Glucose 6-phosphate","C00092","mmu05415","Diabetic cardiomyopathy"
"FT0435NR","Imidazoleacetic acid","C02835","mmu00340","Histidine metabolism"
"FT1228PR","L-Glutamine","C00064","mmu00220","Arginine biosynthesis"
"FT1228PR","L-Glutamine","C00064","mmu00230","Purine metabolism"
"FT1228PR","L-Glutamine","C00064","mmu00240","Pyrimidine metabolism"
"FT1228PR","L-Glutamine","C00064","mmu00250","Alanine, aspartate and glutamate metabolism"
"FT1228PR","L-Glutamine","C00064","mmu00470","D-Amino acid metabolism"
"FT1228PR","L-Glutamine","C00064","mmu00630","Glyoxylate and dicarboxylate metabolism"
"FT1228PR","L-Glutamine","C00064","mmu00750","Vitamin B6 metabolism"
"FT1228PR","L-Glutamine","C00064","mmu00910","Nitrogen metabolism"
"FT1228PR","L-Glutamine","C00064","mmu00970","Aminoacyl-tRNA biosynthesis"
"FT1228PR","L-Glutamine","C00064","mmu02010","ABC transporters"
"FT1228PR","L-Glutamine","C00064","mmu04382","Cornified envelope formation"
"FT1228PR","L-Glutamine","C00064","mmu04724","Glutamatergic synapse"
"FT1228PR","L-Glutamine","C00064","mmu04727","GABAergic synapse"
"FT1228PR","L-Glutamine","C00064","mmu04964","Proximal tubule bicarbonate reclamation"
"FT1228PR","L-Glutamine","C00064","mmu04974","Protein digestion and absorption"
"FT1228PR","L-Glutamine","C00064","mmu04978","Mineral absorption"
"FT1228PR","L-Glutamine","C00064","mmu05230","Central carbon metabolism in cancer"
"FT0178PR","1-Aminocyclopropanecarboxylic acid","C01234","mmu00270","Cysteine and methionine metabolism"
"FT6590NR","Uridine diphosphategalactose","C00052","mmu00052","Galactose metabolism"
"FT6590NR","Uridine diphosphategalactose","C00052","mmu00520","Amino sugar and nucleotide sugar metabolism"
"FT1060PR","Dopamine","C03758","mmu00350","Tyrosine metabolism"
"FT1060PR","Dopamine","C03758","mmu04024","cAMP signaling pathway"
"FT1060PR","Dopamine","C03758","mmu04080","Neuroactive ligand-receptor interaction"
"FT1060PR","Dopamine","C03758","mmu04081","Hormone signaling"
"FT1060PR","Dopamine","C03758","mmu04082","Neuroactive ligand signaling"
"FT1060PR","Dopamine","C03758","mmu04540","Gap junction"
"FT1060PR","Dopamine","C03758","mmu04721","Synaptic vesicle cycle"
"FT1060PR","Dopamine","C03758","mmu04728","Dopaminergic synapse"
"FT1060PR","Dopamine","C03758","mmu04917","Prolactin signaling pathway"
"FT1060PR","Dopamine","C03758","mmu04976","Bile secretion"
"FT1060PR","Dopamine","C03758","mmu05012","Parkinson disease"
"FT1060PR","Dopamine","C03758","mmu05030","Cocaine addiction"
"FT1060PR","Dopamine","C03758","mmu05031","Amphetamine addiction"
"FT1060PR","Dopamine","C03758","mmu05032","Morphine addiction"
"FT1060PR","Dopamine","C03758","mmu05034","Alcoholism"
"FT1738PR","L-Tyrosine","C00082","mmu00130","Ubiquinone and other terpenoid-quinone biosynthesis"
"FT1738PR","L-Tyrosine","C00082","mmu00350","Tyrosine metabolism"
"FT1738PR","L-Tyrosine","C00082","mmu00360","Phenylalanine metabolism"
"FT1738PR","L-Tyrosine","C00082","mmu00400","Phenylalanine, tyrosine and tryptophan biosynthesis"
"FT1738PR","L-Tyrosine","C00082","mmu00730","Thiamine metabolism"
"FT1738PR","L-Tyrosine","C00082","mmu00970","Aminoacyl-tRNA biosynthesis"
"FT1738PR","L-Tyrosine","C00082","mmu04728","Dopaminergic synapse"
"FT1738PR","L-Tyrosine","C00082","mmu04916","Melanogenesis"
"FT1738PR","L-Tyrosine","C00082","mmu04917","Prolactin signaling pathway"
"FT1738PR","L-Tyrosine","C00082","mmu04974","Protein digestion and absorption"
"FT1738PR","L-Tyrosine","C00082","mmu05012","Parkinson disease"
"FT1738PR","L-Tyrosine","C00082","mmu05030","Cocaine addiction"
"FT1738PR","L-Tyrosine","C00082","mmu05031","Amphetamine addiction"
"FT1738PR","L-Tyrosine","C00082","mmu05034","Alcoholism"
"FT1738PR","L-Tyrosine","C00082","mmu05230","Central carbon metabolism in cancer"
"FT4081NR","Nervonic acid","C08323","mmu01040","Biosynthesis of unsaturated fatty acids"
"FT5179PR","S-Adenosylmethionine","C00019","mmu00270","Cysteine and methionine metabolism"
"FT5179PR","S-Adenosylmethionine","C00019","mmu00330","Arginine and proline metabolism"
"FT5179PR","S-Adenosylmethionine","C00019","mmu00670","One carbon pool by folate"
"FT5179PR","S-Adenosylmethionine","C00019","mmu04122","Sulfur relay system"
"FT5179PR","S-Adenosylmethionine","C00019","mmu04148","Efferocytosis"
"FT5179PR","S-Adenosylmethionine","C00019","mmu04981","Folate transport and metabolism"
"FT5179PR","S-Adenosylmethionine","C00019","mmu05208","Chemical carcinogenesis - reactive oxygen species"
"FT1169NR","4-Acetamidobutanoic acid","C02946","mmu00330","Arginine and proline metabolism"
"FT1114NR","Ectoine","C06231","mmu00260","Glycine, serine and threonine metabolism"
"FT6885PR","Cytidine 5'-monophosphate-N-acetylneuraminic acid","C00128","mmu00541","Biosynthesis of various nucleotide sugars"
"FT2169PR","DL-O-Phosphoserine","C01005","mmu00260","Glycine, serine and threonine metabolism"
"FT2169PR","DL-O-Phosphoserine","C01005","mmu00270","Cysteine and methionine metabolism"
"FT2169PR","DL-O-Phosphoserine","C01005","mmu00970","Aminoacyl-tRNA biosynthesis"
"FT1677PR","D-Glucurono-6,3-lactone","C02670","mmu00053","Ascorbate and aldarate metabolism"
"FT2350NR","Deoxycytidine","C00881","mmu00240","Pyrimidine metabolism"
"FT2350NR","Deoxycytidine","C00881","mmu02010","ABC transporters"
"FT1061PR","p-Octopamine","C04227","mmu04080","Neuroactive ligand-receptor interaction"
"FT3584PR","Argininosuccinic acid","C03406","mmu00220","Arginine biosynthesis"
"FT3584PR","Argininosuccinic acid","C03406","mmu00250","Alanine, aspartate and glutamate metabolism"
"FT2136PR","3-Hydroxy-N6,N6,N6-trimethyl-L-lysine","C01259","mmu00310","Lysine degradation"
"FT0901NR","Dihydroxyacetone phosphate","C00111","mmu00010","Glycolysis / Gluconeogenesis"
"FT0901NR","Dihydroxyacetone phosphate","C00111","mmu00040","Pentose and glucuronate interconversions"
"FT0901NR","Dihydroxyacetone phosphate","C00111","mmu00051","Fructose and mannose metabolism"
"FT0901NR","Dihydroxyacetone phosphate","C00111","mmu00052","Galactose metabolism"
"FT0901NR","Dihydroxyacetone phosphate","C00111","mmu00561","Glycerolipid metabolism"
"FT0901NR","Dihydroxyacetone phosphate","C00111","mmu00562","Inositol phosphate metabolism"
"FT0901NR","Dihydroxyacetone phosphate","C00111","mmu00564","Glycerophospholipid metabolism"
"FT0901NR","Dihydroxyacetone phosphate","C00111","mmu00630","Glyoxylate and dicarboxylate metabolism"
"FT0901NR","Dihydroxyacetone phosphate","C00111","mmu00640","Propanoate metabolism"
"FT0901NR","Dihydroxyacetone phosphate","C00111","mmu00760","Nicotinate and nicotinamide metabolism"
"FT0316NR","L-Valine","C00183","mmu00280","Valine, leucine and isoleucine degradation"
"FT0316NR","L-Valine","C00183","mmu00290","Valine, leucine and isoleucine biosynthesis"
"FT0316NR","L-Valine","C00183","mmu00770","Pantothenate and CoA biosynthesis"
"FT0316NR","L-Valine","C00183","mmu00970","Aminoacyl-tRNA biosynthesis"
"FT0316NR","L-Valine","C00183","mmu02010","ABC transporters"
"FT0316NR","L-Valine","C00183","mmu04974","Protein digestion and absorption"
"FT0316NR","L-Valine","C00183","mmu04978","Mineral absorption"
"FT0316NR","L-Valine","C00183","mmu05230","Central carbon metabolism in cancer"
"FT1507PR","L-Phenylalanine","C00079","mmu00360","Phenylalanine metabolism"
"FT1507PR","L-Phenylalanine","C00079","mmu00400","Phenylalanine, tyrosine and tryptophan biosynthesis"
"FT1507PR","L-Phenylalanine","C00079","mmu00470","D-Amino acid metabolism"
"FT1507PR","L-Phenylalanine","C00079","mmu00970","Aminoacyl-tRNA biosynthesis"
"FT1507PR","L-Phenylalanine","C00079","mmu02010","ABC transporters"
"FT1507PR","L-Phenylalanine","C00079","mmu04974","Protein digestion and absorption"
"FT1507PR","L-Phenylalanine","C00079","mmu04978","Mineral absorption"
"FT1507PR","L-Phenylalanine","C00079","mmu05230","Central carbon metabolism in cancer"
"FT0017NR","Acrylic acid","C00511","mmu00640","Propanoate metabolism"
"FT0017NR","Acrylic acid","C00511","mmu00920","Sulfur metabolism"
"FT0293NR","Fumaric acid","C00122","mmu00020","Citrate cycle (TCA cycle)"
"FT0293NR","Fumaric acid","C00122","mmu00190","Oxidative phosphorylation"
"FT0293NR","Fumaric acid","C00122","mmu00220","Arginine biosynthesis"
"FT0293NR","Fumaric acid","C00122","mmu00250","Alanine, aspartate and glutamate metabolism"
"FT0293NR","Fumaric acid","C00122","mmu00350","Tyrosine metabolism"
"FT0293NR","Fumaric acid","C00122","mmu00360","Phenylalanine metabolism"
"FT0293NR","Fumaric acid","C00122","mmu00620","Pyruvate metabolism"
"FT0293NR","Fumaric acid","C00122","mmu00650","Butanoate metabolism"
"FT0293NR","Fumaric acid","C00122","mmu00760","Nicotinate and nicotinamide metabolism"
"FT0293NR","Fumaric acid","C00122","mmu04922","Glucagon signaling pathway"
"FT0293NR","Fumaric acid","C00122","mmu05200","Pathways in cancer"
"FT0293NR","Fumaric acid","C00122","mmu05211","Renal cell carcinoma"
"FT0293NR","Fumaric acid","C00122","mmu05230","Central carbon metabolism in cancer"
"FT4202NR","7-Hydroxy-6-methyl-8-ribityl lumazine","C05995","mmu00740","Riboflavin metabolism"
"FT4225PR","Dihydroceramide","C12126","mmu00600","Sphingolipid metabolism"
"FT4225PR","Dihydroceramide","C12126","mmu04071","Sphingolipid signaling pathway"
"FT2108PR","Spermine","C00750","mmu00330","Arginine and proline metabolism"
"FT2108PR","Spermine","C00750","mmu00410","beta-Alanine metabolism"
"FT2108PR","Spermine","C00750","mmu00480","Glutathione metabolism"
"FT2108PR","Spermine","C00750","mmu00770","Pantothenate and CoA biosynthesis"
"FT2108PR","Spermine","C00750","mmu04976","Bile secretion"
"FT5344NR","Chenodeoxycholic acid glycine conjugate","C05466","mmu00120","Primary bile acid biosynthesis"
"FT5344NR","Chenodeoxycholic acid glycine conjugate","C05466","mmu04976","Bile secretion"
"FT5344NR","Chenodeoxycholic acid glycine conjugate","C05466","mmu04979","Cholesterol metabolism"
"FT3744PR","Sphingosine","C00319","mmu00600","Sphingolipid metabolism"
"FT3744PR","Sphingosine","C00319","mmu04071","Sphingolipid signaling pathway"
"FT3744PR","Sphingosine","C00319","mmu04210","Apoptosis"
"FT3744PR","Sphingosine","C00319","mmu04217","Necroptosis"
"FT3028NR","D-ribulose-1,5-bisphosphate","C01182","mmu00030","Pentose phosphate pathway"
"FT3028NR","D-ribulose-1,5-bisphosphate","C01182","mmu00630","Glyoxylate and dicarboxylate metabolism"
"FT1009NR","N-Formyl-DL-methionine","C03145","mmu00270","Cysteine and methionine metabolism"
"FT0099NR","Dihydroxyacetone","C00184","mmu00561","Glycerolipid metabolism"
"FT1218PR","Spermidine","C00315","mmu00330","Arginine and proline metabolism"
"FT1218PR","Spermidine","C00315","mmu00410","beta-Alanine metabolism"
"FT1218PR","Spermidine","C00315","mmu00480","Glutathione metabolism"
"FT1218PR","Spermidine","C00315","mmu02010","ABC transporters"
"FT1218PR","Spermidine","C00315","mmu04976","Bile secretion"
"FT0962NR","N-Acetyl-L-aspartic acid","C01042","mmu00250","Alanine, aspartate and glutamate metabolism"
"FT0962NR","N-Acetyl-L-aspartic acid","C01042","mmu05215","Prostate cancer"
"FT6455NR","LysoPC(P-18:1/0:0)","C04230","mmu00564","Glycerophospholipid metabolism"
"FT6455NR","LysoPC(P-18:1/0:0)","C04230","mmu04148","Efferocytosis"
"FT6455NR","LysoPC(P-18:1/0:0)","C04230","mmu05231","Choline metabolism in cancer"
"FT1390NR","2-Oxo-3-hydroxy-4-phosphobutanoic acid","C06054","mmu00750","Vitamin B6 metabolism"
"FT4011NR","20alpha-Dihydroprogesterone","C04042","mmu00140","Steroid hormone biosynthesis"
"FT2360PR","N-Acetylserotonin","C00978","mmu00380","Tryptophan metabolism"
"FT2437NR","Pantetheine","C00831","mmu00770","Pantothenate and CoA biosynthesis"
"FT2132PR","L-Tryptophan","C00078","mmu00260","Glycine, serine and threonine metabolism"
"FT2132PR","L-Tryptophan","C00078","mmu00380","Tryptophan metabolism"
"FT2132PR","L-Tryptophan","C00078","mmu00400","Phenylalanine, tyrosine and tryptophan biosynthesis"
"FT2132PR","L-Tryptophan","C00078","mmu00970","Aminoacyl-tRNA biosynthesis"
"FT2132PR","L-Tryptophan","C00078","mmu04726","Serotonergic synapse"
"FT2132PR","L-Tryptophan","C00078","mmu04974","Protein digestion and absorption"
"FT2132PR","L-Tryptophan","C00078","mmu04978","Mineral absorption"
"FT2132PR","L-Tryptophan","C00078","mmu05143","African trypanosomiasis"
"FT2132PR","L-Tryptophan","C00078","mmu05230","Central carbon metabolism in cancer"
"FT3860NR","Prostaglandin F2a","C00639","mmu00590","Arachidonic acid metabolism"
"FT3860NR","Prostaglandin F2a","C00639","mmu04072","Phospholipase D signaling pathway"
"FT3860NR","Prostaglandin F2a","C00639","mmu04080","Neuroactive ligand-receptor interaction"
"FT3860NR","Prostaglandin F2a","C00639","mmu04726","Serotonergic synapse"
"FT3860NR","Prostaglandin F2a","C00639","mmu04913","Ovarian steroidogenesis"
"FT3860NR","Prostaglandin F2a","C00639","mmu04921","Oxytocin signaling pathway"
"FT3860NR","Prostaglandin F2a","C00639","mmu04976","Bile secretion"
"FT5637NR","Adenosine 3',5'-diphosphate","C00054","mmu00230","Purine metabolism"
"FT5637NR","Adenosine 3',5'-diphosphate","C00054","mmu00532","Glycosaminoglycan biosynthesis - chondroitin sulfate / dermatan sulfate"
"FT5637NR","Adenosine 3',5'-diphosphate","C00054","mmu00534","Glycosaminoglycan biosynthesis - heparan sulfate / heparin"
"FT5637NR","Adenosine 3',5'-diphosphate","C00054","mmu00770","Pantothenate and CoA biosynthesis"
"FT5637NR","Adenosine 3',5'-diphosphate","C00054","mmu00920","Sulfur metabolism"
"FT3784NR","S-(Formylmethyl)glutathione","C14871","mmu00980","Metabolism of xenobiotics by cytochrome P450"
"FT1054PR","Adenine","C00147","mmu00230","Purine metabolism"
"FT1135NR","N-formylmaleamic acid","C18232","mmu00760","Nicotinate and nicotinamide metabolism"
"FT3822PR","N-Acetylaspartylglutamic acid","C12270","mmu00250","Alanine, aspartate and glutamate metabolism"
"FT3822PR","N-Acetylaspartylglutamic acid","C12270","mmu04080","Neuroactive ligand-receptor interaction"
"FT3822PR","N-Acetylaspartylglutamic acid","C12270","mmu05215","Prostate cancer"
"FT3579NR","FA(22:1)","C08316","mmu01040","Biosynthesis of unsaturated fatty acids"
"FT2793PR","Pyridoxal 5'-phosphate","C00018","mmu00730","Thiamine metabolism"
"FT2793PR","Pyridoxal 5'-phosphate","C00018","mmu00750","Vitamin B6 metabolism"
"FT2793PR","Pyridoxal 5'-phosphate","C00018","mmu04977","Vitamin digestion and absorption"
"FT0472NR","4-Hydroxyproline","C01157","mmu00330","Arginine and proline metabolism"
"FT0472NR","4-Hydroxyproline","C01157","mmu00470","D-Amino acid metabolism"
"FT0472NR","4-Hydroxyproline","C01157","mmu02010","ABC transporters"
"FT4613NR","D-Erythrose 4-phosphate","C00279","mmu00030","Pentose phosphate pathway"
"FT4613NR","D-Erythrose 4-phosphate","C00279","mmu00400","Phenylalanine, tyrosine and tryptophan biosynthesis"
"FT4613NR","D-Erythrose 4-phosphate","C00279","mmu00750","Vitamin B6 metabolism"
"FT6607NR","4-(cytidine 5'-diphospho)-2-C-methyl-D-erythritol","C11435","mmu00900","Terpenoid backbone biosynthesis"
"FT0999NR","Ureidosuccinic acid","C00438","mmu00240","Pyrimidine metabolism"
"FT0999NR","Ureidosuccinic acid","C00438","mmu00250","Alanine, aspartate and glutamate metabolism"
"FT3278PR","6-Phosphogluconic acid","C00345","mmu00030","Pentose phosphate pathway"
"FT0016NR","Pyruvaldehyde","C00546","mmu00260","Glycine, serine and threonine metabolism"
"FT0016NR","Pyruvaldehyde","C00546","mmu00620","Pyruvate metabolism"
"FT0016NR","Pyruvaldehyde","C00546","mmu00640","Propanoate metabolism"
"FT0016NR","Pyruvaldehyde","C00546","mmu05415","Diabetic cardiomyopathy"
"FT3447PR","Guanosine","C00387","mmu00230","Purine metabolism"
"FT3447PR","Guanosine","C00387","mmu02010","ABC transporters"
"FT1843NR","DL-Dopa","C00355","mmu00350","Tyrosine metabolism"
"FT1843NR","DL-Dopa","C00355","mmu04728","Dopaminergic synapse"
"FT1843NR","DL-Dopa","C00355","mmu04917","Prolactin signaling pathway"
"FT1843NR","DL-Dopa","C00355","mmu05012","Parkinson disease"
"FT1843NR","DL-Dopa","C00355","mmu05030","Cocaine addiction"
"FT1843NR","DL-Dopa","C00355","mmu05031","Amphetamine addiction"
"FT1843NR","DL-Dopa","C00355","mmu05034","Alcoholism"
"FT6820NR","LysoPC(20:5/0:0)","C04230","mmu00564","Glycerophospholipid metabolism"
"FT6820NR","LysoPC(20:5/0:0)","C04230","mmu04148","Efferocytosis"
"FT6820NR","LysoPC(20:5/0:0)","C04230","mmu05231","Choline metabolism in cancer"
"FT4646PR","Pantetheine 4'-phosphate","C01134","mmu00770","Pantothenate and CoA biosynthesis"
"FT1175NR","Citric acid","C00158","mmu00020","Citrate cycle (TCA cycle)"
"FT1175NR","Citric acid","C00158","mmu00250","Alanine, aspartate and glutamate metabolism"
"FT1175NR","Citric acid","C00158","mmu00630","Glyoxylate and dicarboxylate metabolism"
"FT1175NR","Citric acid","C00158","mmu04742","Taste transduction"
"FT1175NR","Citric acid","C00158","mmu04922","Glucagon signaling pathway"
"FT1175NR","Citric acid","C00158","mmu05230","Central carbon metabolism in cancer"
"FT2000NR","Deoxyinosine","C05512","mmu00230","Purine metabolism"
"FT2000NR","Deoxyinosine","C05512","mmu02010","ABC transporters"
"FT1034NR","myo-Inositol","C00137","mmu00052","Galactose metabolism"
"FT1034NR","myo-Inositol","C00137","mmu00053","Ascorbate and aldarate metabolism"
"FT1034NR","myo-Inositol","C00137","mmu00562","Inositol phosphate metabolism"
"FT1034NR","myo-Inositol","C00137","mmu02010","ABC transporters"
"FT1034NR","myo-Inositol","C00137","mmu04070","Phosphatidylinositol signaling system"
"FT3696NR","Glycerol 3-phosphate","C00093","mmu00561","Glycerolipid metabolism"
"FT3696NR","Glycerol 3-phosphate","C00093","mmu00564","Glycerophospholipid metabolism"
"FT3696NR","Glycerol 3-phosphate","C00093","mmu02010","ABC transporters"
"FT3696NR","Glycerol 3-phosphate","C00093","mmu05231","Choline metabolism in cancer"
"FT6983NR","UDP-GlcNAc","C00043","mmu00520","Amino sugar and nucleotide sugar metabolism"
"FT6983NR","UDP-GlcNAc","C00043","mmu00524","Neomycin, kanamycin and gentamicin biosynthesis"
"FT6983NR","UDP-GlcNAc","C00043","mmu00541","Biosynthesis of various nucleotide sugars"
"FT6983NR","UDP-GlcNAc","C00043","mmu04931","Insulin resistance"
"FT6983NR","UDP-GlcNAc","C00043","mmu05415","Diabetic cardiomyopathy"
"FT2154PR","3-Oxalomalic acid","C01990","mmu00630","Glyoxylate and dicarboxylate metabolism"
"FT1305PR","Guanine","C00242","mmu00230","Purine metabolism"
"FT2117PR","Car(2:0)","C02571","mmu04931","Insulin resistance"
"FT1016PR","L-Asparagine","C00152","mmu00250","Alanine, aspartate and glutamate metabolism"
"FT1016PR","L-Asparagine","C00152","mmu00970","Aminoacyl-tRNA biosynthesis"
"FT1016PR","L-Asparagine","C00152","mmu04974","Protein digestion and absorption"
"FT1016PR","L-Asparagine","C00152","mmu04978","Mineral absorption"
"FT1016PR","L-Asparagine","C00152","mmu05230","Central carbon metabolism in cancer"
"FT7881PR","PC(22:5(4Z,7Z,10Z,13Z,16Z)/20:5(5Z,8Z,11Z,14Z,17Z))","C00157","mmu00564","Glycerophospholipid metabolism"
"FT7881PR","PC(22:5(4Z,7Z,10Z,13Z,16Z)/20:5(5Z,8Z,11Z,14Z,17Z))","C00157","mmu00590","Arachidonic acid metabolism"
"FT7881PR","PC(22:5(4Z,7Z,10Z,13Z,16Z)/20:5(5Z,8Z,11Z,14Z,17Z))","C00157","mmu00591","Linoleic acid metabolism"
"FT7881PR","PC(22:5(4Z,7Z,10Z,13Z,16Z)/20:5(5Z,8Z,11Z,14Z,17Z))","C00157","mmu00592","alpha-Linolenic acid metabolism"
"FT7881PR","PC(22:5(4Z,7Z,10Z,13Z,16Z)/20:5(5Z,8Z,11Z,14Z,17Z))","C00157","mmu04723","Retrograde endocannabinoid signaling"
"FT7881PR","PC(22:5(4Z,7Z,10Z,13Z,16Z)/20:5(5Z,8Z,11Z,14Z,17Z))","C00157","mmu04981","Folate transport and metabolism"
"FT7881PR","PC(22:5(4Z,7Z,10Z,13Z,16Z)/20:5(5Z,8Z,11Z,14Z,17Z))","C00157","mmu05231","Choline metabolism in cancer"
"FT3764NR","Inosinic acid","C00130","mmu00230","Purine metabolism"
"FT3764NR","Inosinic acid","C00130","mmu01523","Antifolate resistance"
"FT3764NR","Inosinic acid","C00130","mmu04742","Taste transduction"
"FT2067NR","N-Acetylgalactosamine","C01074","mmu05146","Amoebiasis"
"FT3877PR","Oleoylethanolamide","C20792","mmu04024","cAMP signaling pathway"
"FT3872PR","Glutathione","C00051","mmu00270","Cysteine and methionine metabolism"
"FT3872PR","Glutathione","C00051","mmu00480","Glutathione metabolism"
"FT3872PR","Glutathione","C00051","mmu02010","ABC transporters"
"FT3872PR","Glutathione","C00051","mmu04216","Ferroptosis"
"FT3872PR","Glutathione","C00051","mmu04918","Thyroid hormone synthesis"
"FT3872PR","Glutathione","C00051","mmu04976","Bile secretion"
"FT3872PR","Glutathione","C00051","mmu05208","Chemical carcinogenesis - reactive oxygen species"
"FT3872PR","Glutathione","C00051","mmu05415","Diabetic cardiomyopathy"
"FT4774NR","6-Thioinosine-5'-monophosphate","C04646","mmu00983","Drug metabolism - other enzymes"
"FT1683PR","Serotonin","C00780","mmu00380","Tryptophan metabolism"
"FT1683PR","Serotonin","C00780","mmu04024","cAMP signaling pathway"
"FT1683PR","Serotonin","C00780","mmu04080","Neuroactive ligand-receptor interaction"
"FT1683PR","Serotonin","C00780","mmu04082","Neuroactive ligand signaling"
"FT1683PR","Serotonin","C00780","mmu04540","Gap junction"
"FT1683PR","Serotonin","C00780","mmu04721","Synaptic vesicle cycle"
"FT1683PR","Serotonin","C00780","mmu04726","Serotonergic synapse"
"FT1683PR","Serotonin","C00780","mmu04742","Taste transduction"
"FT1683PR","Serotonin","C00780","mmu04750","Inflammatory mediator regulation of TRP channels"
"FT1683PR","Serotonin","C00780","mmu04976","Bile secretion"
"FT1683PR","Serotonin","C00780","mmu05207","Chemical carcinogenesis - receptor activation"
"FT3918PR","2-Polyprenyl-3-methyl-6-methoxy-1,4-benzoquinone","C17561","mmu00130","Ubiquinone and other terpenoid-quinone biosynthesis"
"FT5289NR","CDP-ethanolamine","C00570","mmu00564","Glycerophospholipid metabolism"
"FT1201NR","D-Glucuronic acid","C00191","mmu00040","Pentose and glucuronate interconversions"
"FT1201NR","D-Glucuronic acid","C00191","mmu00053","Ascorbate and aldarate metabolism"
"FT1201NR","D-Glucuronic acid","C00191","mmu00520","Amino sugar and nucleotide sugar metabolism"
"FT1201NR","D-Glucuronic acid","C00191","mmu00562","Inositol phosphate metabolism"
"FT0471NR","N-Acetyl-beta-alanine","C01073","mmu00410","beta-Alanine metabolism"
"FT6965NR","Guanosine diphosphate mannose","C00096","mmu00051","Fructose and mannose metabolism"
"FT6965NR","Guanosine diphosphate mannose","C00096","mmu00053","Ascorbate and aldarate metabolism"
"FT6965NR","Guanosine diphosphate mannose","C00096","mmu00510","N-Glycan biosynthesis"
"FT6965NR","Guanosine diphosphate mannose","C00096","mmu00520","Amino sugar and nucleotide sugar metabolism"
"FT6965NR","Guanosine diphosphate mannose","C00096","mmu00541","Biosynthesis of various nucleotide sugars"
"FT2720PR","Cytidine","C00475","mmu00240","Pyrimidine metabolism"
"FT2720PR","Cytidine","C00475","mmu02010","ABC transporters"
"FT3064PR","Thiamine","C00378","mmu00730","Thiamine metabolism"
"FT3064PR","Thiamine","C00378","mmu02010","ABC transporters"
"FT3064PR","Thiamine","C00378","mmu04122","Sulfur relay system"
"FT3064PR","Thiamine","C00378","mmu04977","Vitamin digestion and absorption"
"FT3845PR","all-trans-13,14-dihydroretinol","C15492","mmu00830","Retinol metabolism"
"FT5506NR","Adenylosuccinic acid","C03794","mmu00230","Purine metabolism"
"FT5506NR","Adenylosuccinic acid","C03794","mmu00250","Alanine, aspartate and glutamate metabolism"
"FT1857NR","Uridine","C00299","mmu00240","Pyrimidine metabolism"
"FT1857NR","Uridine","C00299","mmu02010","ABC transporters"
"FT1976PR","Isonicotinylglycine","C16623","mmu00983","Drug metabolism - other enzymes"
"FT1396PR","Imidazolepropionic acid","C20522","mmu00340","Histidine metabolism"
"FT1872NR","O-Phosphothreonine","C12147","mmu00860","Porphyrin metabolism"
"FT0315NR","Indole","C00463","mmu00380","Tryptophan metabolism"
"FT0315NR","Indole","C00463","mmu00400","Phenylalanine, tyrosine and tryptophan biosynthesis"
"FT0315NR","Indole","C00463","mmu04974","Protein digestion and absorption"
"FT2628NR","Orotidine","C01103","mmu00240","Pyrimidine metabolism"
"FT1072NR","5-Hydroxyisourate","C11821","mmu00230","Purine metabolism"
"FT1241PR","L-Glutamic acid","C00025","mmu00220","Arginine biosynthesis"
"FT1241PR","L-Glutamic acid","C00025","mmu00250","Alanine, aspartate and glutamate metabolism"
"FT1241PR","L-Glutamic acid","C00025","mmu00330","Arginine and proline metabolism"
"FT1241PR","L-Glutamic acid","C00025","mmu00340","Histidine metabolism"
"FT1241PR","L-Glutamic acid","C00025","mmu00430","Taurine and hypotaurine metabolism"
"FT1241PR","L-Glutamic acid","C00025","mmu00470","D-Amino acid metabolism"
"FT1241PR","L-Glutamic acid","C00025","mmu00480","Glutathione metabolism"
"FT1241PR","L-Glutamic acid","C00025","mmu00524","Neomycin, kanamycin and gentamicin biosynthesis"
"FT1241PR","L-Glutamic acid","C00025","mmu00630","Glyoxylate and dicarboxylate metabolism"
"FT1241PR","L-Glutamic acid","C00025","mmu00650","Butanoate metabolism"
"FT1241PR","L-Glutamic acid","C00025","mmu00660","C5-Branched dibasic acid metabolism"
"FT1241PR","L-Glutamic acid","C00025","mmu00860","Porphyrin metabolism"
"FT1241PR","L-Glutamic acid","C00025","mmu00910","Nitrogen metabolism"
"FT1241PR","L-Glutamic acid","C00025","mmu00970","Aminoacyl-tRNA biosynthesis"
"FT1241PR","L-Glutamic acid","C00025","mmu02010","ABC transporters"
"FT1241PR","L-Glutamic acid","C00025","mmu04068","FoxO signaling pathway"
"FT1241PR","L-Glutamic acid","C00025","mmu04072","Phospholipase D signaling pathway"
"FT1241PR","L-Glutamic acid","C00025","mmu04080","Neuroactive ligand-receptor interaction"
"FT1241PR","L-Glutamic acid","C00025","mmu04082","Neuroactive ligand signaling"
"FT1241PR","L-Glutamic acid","C00025","mmu04216","Ferroptosis"
"FT1241PR","L-Glutamic acid","C00025","mmu04540","Gap junction"
"FT1241PR","L-Glutamic acid","C00025","mmu04713","Circadian entrainment"
"FT1241PR","L-Glutamic acid","C00025","mmu04720","Long-term potentiation"
"FT1241PR","L-Glutamic acid","C00025","mmu04721","Synaptic vesicle cycle"
"FT1241PR","L-Glutamic acid","C00025","mmu04723","Retrograde endocannabinoid signaling"
"FT1241PR","L-Glutamic acid","C00025","mmu04724","Glutamatergic synapse"
"FT1241PR","L-Glutamic acid","C00025","mmu04727","GABAergic synapse"
"FT1241PR","L-Glutamic acid","C00025","mmu04730","Long-term depression"
"FT1241PR","L-Glutamic acid","C00025","mmu04742","Taste transduction"
"FT1241PR","L-Glutamic acid","C00025","mmu04964","Proximal tubule bicarbonate reclamation"
"FT1241PR","L-Glutamic acid","C00025","mmu04974","Protein digestion and absorption"
"FT1241PR","L-Glutamic acid","C00025","mmu05014","Amyotrophic lateral sclerosis"
"FT1241PR","L-Glutamic acid","C00025","mmu05016","Huntington disease"
"FT1241PR","L-Glutamic acid","C00025","mmu05017","Spinocerebellar ataxia"
"FT1241PR","L-Glutamic acid","C00025","mmu05022","Pathways of neurodegeneration - multiple diseases"
"FT1241PR","L-Glutamic acid","C00025","mmu05030","Cocaine addiction"
"FT1241PR","L-Glutamic acid","C00025","mmu05031","Amphetamine addiction"
"FT1241PR","L-Glutamic acid","C00025","mmu05033","Nicotine addiction"
"FT1241PR","L-Glutamic acid","C00025","mmu05034","Alcoholism"
"FT1241PR","L-Glutamic acid","C00025","mmu05215","Prostate cancer"
"FT1241PR","L-Glutamic acid","C00025","mmu05230","Central carbon metabolism in cancer"
"FT0453NR","Pyroglutamic acid","C01879","mmu00480","Glutathione metabolism"
"FT0453NR","Pyroglutamic acid","C01879","mmu04382","Cornified envelope formation"
"FT7867PR","PC(18:0/22:5)","C00157","mmu00564","Glycerophospholipid metabolism"
"FT7867PR","PC(18:0/22:5)","C00157","mmu00590","Arachidonic acid metabolism"
"FT7867PR","PC(18:0/22:5)","C00157","mmu00591","Linoleic acid metabolism"
"FT7867PR","PC(18:0/22:5)","C00157","mmu00592","alpha-Linolenic acid metabolism"
"FT7867PR","PC(18:0/22:5)","C00157","mmu04723","Retrograde endocannabinoid signaling"
"FT7867PR","PC(18:0/22:5)","C00157","mmu04981","Folate transport and metabolism"
"FT7867PR","PC(18:0/22:5)","C00157","mmu05231","Choline metabolism in cancer"
"FT1156NR","Carglumic acid","C05829","mmu00340","Histidine metabolism"
"FT1133PR","(Z)-5-oxohex-2-enedioic acid","C03453","mmu00380","Tryptophan metabolism"
"FT5742NR","LysoPC(15:0/0:0)","C04230","mmu00564","Glycerophospholipid metabolism"
"FT5742NR","LysoPC(15:0/0:0)","C04230","mmu04148","Efferocytosis"
"FT5742NR","LysoPC(15:0/0:0)","C04230","mmu05231","Choline metabolism in cancer"
"FT2362NR","D-Glucuronic acid 1-phosphate","C05385","mmu00040","Pentose and glucuronate interconversions"
"FT2362NR","D-Glucuronic acid 1-phosphate","C05385","mmu00053","Ascorbate and aldarate metabolism"
"FT2362NR","D-Glucuronic acid 1-phosphate","C05385","mmu00520","Amino sugar and nucleotide sugar metabolism"
"FT6515PR","LysoPC(20:1/0:0)","C04230","mmu00564","Glycerophospholipid metabolism"
"FT6515PR","LysoPC(20:1/0:0)","C04230","mmu04148","Efferocytosis"
"FT6515PR","LysoPC(20:1/0:0)","C04230","mmu05231","Choline metabolism in cancer"
"FT7780NR","FAD","C00016","mmu00740","Riboflavin metabolism"
"FT7780NR","FAD","C00016","mmu04977","Vitamin digestion and absorption"
"FT3565NR","Imidazoleacetic acid ribotide","C04437","mmu00340","Histidine metabolism"
"FT2470PR","Carnosine","C00386","mmu00340","Histidine metabolism"
"FT2470PR","Carnosine","C00386","mmu00410","beta-Alanine metabolism"
"FT1327NR","Oxoadipic acid","C00322","mmu00310","Lysine degradation"
"FT1327NR","Oxoadipic acid","C00322","mmu00380","Tryptophan metabolism"
"FT1327NR","Oxoadipic acid","C00322","mmu00785","Lipoic acid metabolism"
"FT2141PR","Xanthurenic acid","C02470","mmu00380","Tryptophan metabolism"
"FT2194PR","L-Kynurenine","C00328","mmu00380","Tryptophan metabolism"
"FT2194PR","L-Kynurenine","C00328","mmu05143","African trypanosomiasis"
"FT6047NR","LysoPC(17:0/0:0)","C04230","mmu00564","Glycerophospholipid metabolism"
"FT6047NR","LysoPC(17:0/0:0)","C04230","mmu04148","Efferocytosis"
"FT6047NR","LysoPC(17:0/0:0)","C04230","mmu05231","Choline metabolism in cancer"
"FT5042PR","S-Adenosylhomocysteine","C00021","mmu00270","Cysteine and methionine metabolism"
"FT5042PR","S-Adenosylhomocysteine","C00021","mmu00670","One carbon pool by folate"
"FT5042PR","S-Adenosylhomocysteine","C00021","mmu04981","Folate transport and metabolism"
"FT5042PR","S-Adenosylhomocysteine","C00021","mmu05208","Chemical carcinogenesis - reactive oxygen species"
"FT1380PR","cis-Aconitic acid","C00417","mmu00020","Citrate cycle (TCA cycle)"
"FT1380PR","cis-Aconitic acid","C00417","mmu00630","Glyoxylate and dicarboxylate metabolism"
"FT1380PR","cis-Aconitic acid","C00417","mmu00660","C5-Branched dibasic acid metabolism"
"FT0694PR","Uracil","C00106","mmu00240","Pyrimidine metabolism"
"FT0694PR","Uracil","C00106","mmu00410","beta-Alanine metabolism"
"FT0694PR","Uracil","C00106","mmu00770","Pantothenate and CoA biosynthesis"
"FT1029PR","Maleic acid","C01384","mmu00350","Tyrosine metabolism"
"FT1029PR","Maleic acid","C01384","mmu00650","Butanoate metabolism"
"FT1029PR","Maleic acid","C01384","mmu00760","Nicotinate and nicotinamide metabolism"
"FT1217NR","D-Ribose","C00121","mmu00030","Pentose phosphate pathway"
"FT1217NR","D-Ribose","C00121","mmu02010","ABC transporters"
"FT1852PR","N-Acetyl-L-glutamic acid","C00624","mmu00220","Arginine biosynthesis"
"FT1852PR","N-Acetyl-L-glutamic acid","C00624","mmu00470","D-Amino acid metabolism"
"FT1533PR","Tartaric acid","C00898","mmu00630","Glyoxylate and dicarboxylate metabolism"
"FT0213NR","gamma-Aminobutyric acid","C00334","mmu00250","Alanine, aspartate and glutamate metabolism"
"FT0213NR","gamma-Aminobutyric acid","C00334","mmu00330","Arginine and proline metabolism"
"FT0213NR","gamma-Aminobutyric acid","C00334","mmu00410","beta-Alanine metabolism"
"FT0213NR","gamma-Aminobutyric acid","C00334","mmu00650","Butanoate metabolism"
"FT0213NR","gamma-Aminobutyric acid","C00334","mmu00760","Nicotinate and nicotinamide metabolism"
"FT0213NR","gamma-Aminobutyric acid","C00334","mmu04024","cAMP signaling pathway"
"FT0213NR","gamma-Aminobutyric acid","C00334","mmu04080","Neuroactive ligand-receptor interaction"
"FT0213NR","gamma-Aminobutyric acid","C00334","mmu04082","Neuroactive ligand signaling"
"FT0213NR","gamma-Aminobutyric acid","C00334","mmu04721","Synaptic vesicle cycle"
"FT0213NR","gamma-Aminobutyric acid","C00334","mmu04723","Retrograde endocannabinoid signaling"
"FT0213NR","gamma-Aminobutyric acid","C00334","mmu04727","GABAergic synapse"
"FT0213NR","gamma-Aminobutyric acid","C00334","mmu04742","Taste transduction"
"FT0213NR","gamma-Aminobutyric acid","C00334","mmu04915","Estrogen signaling pathway"
"FT0213NR","gamma-Aminobutyric acid","C00334","mmu04929","GnRH secretion"
"FT0213NR","gamma-Aminobutyric acid","C00334","mmu05032","Morphine addiction"
"FT0213NR","gamma-Aminobutyric acid","C00334","mmu05033","Nicotine addiction"
"FT2253NR","Inosine","C00294","mmu00230","Purine metabolism"
"FT2253NR","Inosine","C00294","mmu02010","ABC transporters"
"FT4510NR","Chenodeoxycholic acid","C02528","mmu00120","Primary bile acid biosynthesis"
"FT4510NR","Chenodeoxycholic acid","C02528","mmu04976","Bile secretion"
"FT1320PR","N1-Methyl-4-pyridone-3-carboxamide","C05843","mmu00760","Nicotinate and nicotinamide metabolism"
"FT2711NR","6-Hydroxymelatonin","C05643","mmu00380","Tryptophan metabolism"
"FT1579NR","Deoxyuridine","C00526","mmu00240","Pyrimidine metabolism"
"FT1579NR","Deoxyuridine","C00526","mmu02010","ABC transporters"
"FT7075NR","PC(22:5(7Z,10Z,13Z,16Z,19Z)/0:0)","C04230","mmu00564","Glycerophospholipid metabolism"
"FT7075NR","PC(22:5(7Z,10Z,13Z,16Z,19Z)/0:0)","C04230","mmu04148","Efferocytosis"
"FT7075NR","PC(22:5(7Z,10Z,13Z,16Z,19Z)/0:0)","C04230","mmu05231","Choline metabolism in cancer"
"FT0772PR","L-Threonine","C00188","mmu00260","Glycine, serine and threonine metabolism"
"FT0772PR","L-Threonine","C00188","mmu00290","Valine, leucine and isoleucine biosynthesis"
"FT0772PR","L-Threonine","C00188","mmu00470","D-Amino acid metabolism"
"FT0772PR","L-Threonine","C00188","mmu00860","Porphyrin metabolism"
"FT0772PR","L-Threonine","C00188","mmu00970","Aminoacyl-tRNA biosynthesis"
"FT0772PR","L-Threonine","C00188","mmu02010","ABC transporters"
"FT0772PR","L-Threonine","C00188","mmu04974","Protein digestion and absorption"
"FT0772PR","L-Threonine","C00188","mmu04978","Mineral absorption"
"FT2622NR","Uridine 2',3'-cyclic phosphate","C02355","mmu00240","Pyrimidine metabolism"
"FT0714NR","Xanthine","C00385","mmu00230","Purine metabolism"
"FT0714NR","Xanthine","C00385","mmu00232","Caffeine metabolism"
"FT0430NR","2-Hydroxyethanesulfonate","C05123","mmu00430","Taurine and hypotaurine metabolism"
"FT0252NR","2,5-dioxopentanoic acid","C00433","mmu00040","Pentose and glucuronate interconversions"
"FT0252NR","2,5-dioxopentanoic acid","C00433","mmu00053","Ascorbate and aldarate metabolism"
"FT0252NR","2,5-dioxopentanoic acid","C00433","mmu00470","D-Amino acid metabolism"
"FT4921PR","Riboflavin","C00255","mmu00740","Riboflavin metabolism"
"FT4921PR","Riboflavin","C00255","mmu02010","ABC transporters"
"FT4921PR","Riboflavin","C00255","mmu04977","Vitamin digestion and absorption"
"FT2533NR","Biopterin","C06313","mmu00790","Folate biosynthesis"
"FT0679PR","Cytosine","C00380","mmu00240","Pyrimidine metabolism"
"FT3384NR","Cyclic AMP","C00575","mmu00230","Purine metabolism"
"FT3384NR","Cyclic AMP","C00575","mmu01522","Endocrine resistance"
"FT3384NR","Cyclic AMP","C00575","mmu04010","MAPK signaling pathway"
"FT3384NR","Cyclic AMP","C00575","mmu04014","Ras signaling pathway"
"FT3384NR","Cyclic AMP","C00575","mmu04015","Rap1 signaling pathway"
"FT3384NR","Cyclic AMP","C00575","mmu04020","Calcium signaling pathway"
"FT3384NR","Cyclic AMP","C00575","mmu04022","cGMP-PKG signaling pathway"
"FT3384NR","Cyclic AMP","C00575","mmu04024","cAMP signaling pathway"
"FT3384NR","Cyclic AMP","C00575","mmu04062","Chemokine signaling pathway"
"FT3384NR","Cyclic AMP","C00575","mmu04072","Phospholipase D signaling pathway"
"FT3384NR","Cyclic AMP","C00575","mmu04081","Hormone signaling"
"FT3384NR","Cyclic AMP","C00575","mmu04082","Neuroactive ligand signaling"
"FT3384NR","Cyclic AMP","C00575","mmu04114","Oocyte meiosis"
"FT3384NR","Cyclic AMP","C00575","mmu04211","Longevity regulating pathway"
"FT3384NR","Cyclic AMP","C00575","mmu04213","Longevity regulating pathway - multiple species"
"FT3384NR","Cyclic AMP","C00575","mmu04261","Adrenergic signaling in cardiomyocytes"
"FT3384NR","Cyclic AMP","C00575","mmu04270","Vascular smooth muscle contraction"
"FT3384NR","Cyclic AMP","C00575","mmu04340","Hedgehog signaling pathway"
"FT3384NR","Cyclic AMP","C00575","mmu04371","Apelin signaling pathway"
"FT3384NR","Cyclic AMP","C00575","mmu04540","Gap junction"
"FT3384NR","Cyclic AMP","C00575","mmu04611","Platelet activation"
"FT3384NR","Cyclic AMP","C00575","mmu04670","Leukocyte transendothelial migration"
"FT3384NR","Cyclic AMP","C00575","mmu04710","Circadian rhythm"
"FT3384NR","Cyclic AMP","C00575","mmu04713","Circadian entrainment"
"FT3384NR","Cyclic AMP","C00575","mmu04714","Thermogenesis"
"FT3384NR","Cyclic AMP","C00575","mmu04720","Long-term potentiation"
"FT3384NR","Cyclic AMP","C00575","mmu04723","Retrograde endocannabinoid signaling"
"FT3384NR","Cyclic AMP","C00575","mmu04724","Glutamatergic synapse"
"FT3384NR","Cyclic AMP","C00575","mmu04725","Cholinergic synapse"
"FT3384NR","Cyclic AMP","C00575","mmu04726","Serotonergic synapse"
"FT3384NR","Cyclic AMP","C00575","mmu04727","GABAergic synapse"
"FT3384NR","Cyclic AMP","C00575","mmu04728","Dopaminergic synapse"
"FT3384NR","Cyclic AMP","C00575","mmu04740","Olfactory transduction"
"FT3384NR","Cyclic AMP","C00575","mmu04742","Taste transduction"
"FT3384NR","Cyclic AMP","C00575","mmu04750","Inflammatory mediator regulation of TRP channels"
"FT3384NR","Cyclic AMP","C00575","mmu04910","Insulin signaling pathway"
"FT3384NR","Cyclic AMP","C00575","mmu04911","Insulin secretion"
"FT3384NR","Cyclic AMP","C00575","mmu04912","GnRH signaling pathway"
"FT3384NR","Cyclic AMP","C00575","mmu04913","Ovarian steroidogenesis"
"FT3384NR","Cyclic AMP","C00575","mmu04914","Progesterone-mediated oocyte maturation"
"FT3384NR","Cyclic AMP","C00575","mmu04915","Estrogen signaling pathway"
"FT3384NR","Cyclic AMP","C00575","mmu04916","Melanogenesis"
"FT3384NR","Cyclic AMP","C00575","mmu04918","Thyroid hormone synthesis"
"FT3384NR","Cyclic AMP","C00575","mmu04919","Thyroid hormone signaling pathway"
"FT3384NR","Cyclic AMP","C00575","mmu04921","Oxytocin signaling pathway"
"FT3384NR","Cyclic AMP","C00575","mmu04922","Glucagon signaling pathway"
"FT3384NR","Cyclic AMP","C00575","mmu04923","Regulation of lipolysis in adipocytes"
"FT3384NR","Cyclic AMP","C00575","mmu04924","Renin secretion"
"FT3384NR","Cyclic AMP","C00575","mmu04925","Aldosterone synthesis and secretion"
"FT3384NR","Cyclic AMP","C00575","mmu04926","Relaxin signaling pathway"
"FT3384NR","Cyclic AMP","C00575","mmu04927","Cortisol synthesis and secretion"
"FT3384NR","Cyclic AMP","C00575","mmu04928","Parathyroid hormone synthesis, secretion and action"
"FT3384NR","Cyclic AMP","C00575","mmu04934","Cushing syndrome"
"FT3384NR","Cyclic AMP","C00575","mmu04935","Growth hormone synthesis, secretion and action"
"FT3384NR","Cyclic AMP","C00575","mmu04960","Aldosterone-regulated sodium reabsorption"
"FT3384NR","Cyclic AMP","C00575","mmu04961","Endocrine and other factor-regulated calcium reabsorption"
"FT3384NR","Cyclic AMP","C00575","mmu04962","Vasopressin-regulated water reabsorption"
"FT3384NR","Cyclic AMP","C00575","mmu04970","Salivary secretion"
"FT3384NR","Cyclic AMP","C00575","mmu04971","Gastric acid secretion"
"FT3384NR","Cyclic AMP","C00575","mmu04972","Pancreatic secretion"
"FT3384NR","Cyclic AMP","C00575","mmu04976","Bile secretion"
"FT3384NR","Cyclic AMP","C00575","mmu05012","Parkinson disease"
"FT3384NR","Cyclic AMP","C00575","mmu05020","Prion disease"
"FT3384NR","Cyclic AMP","C00575","mmu05030","Cocaine addiction"
"FT3384NR","Cyclic AMP","C00575","mmu05031","Amphetamine addiction"
"FT3384NR","Cyclic AMP","C00575","mmu05032","Morphine addiction"
"FT3384NR","Cyclic AMP","C00575","mmu05034","Alcoholism"
"FT3384NR","Cyclic AMP","C00575","mmu05133","Pertussis"
"FT3384NR","Cyclic AMP","C00575","mmu05142","Chagas disease"
"FT3384NR","Cyclic AMP","C00575","mmu05146","Amoebiasis"
"FT3384NR","Cyclic AMP","C00575","mmu05165","Human papillomavirus infection"
"FT3384NR","Cyclic AMP","C00575","mmu05166","Human T-cell leukemia virus 1 infection"
"FT3384NR","Cyclic AMP","C00575","mmu05200","Pathways in cancer"
"FT3384NR","Cyclic AMP","C00575","mmu05207","Chemical carcinogenesis - receptor activation"
"FT3384NR","Cyclic AMP","C00575","mmu05414","Dilated cardiomyopathy"
"FT0871PR","Taurine","C00245","mmu00120","Primary bile acid biosynthesis"
"FT0871PR","Taurine","C00245","mmu00430","Taurine and hypotaurine metabolism"
"FT0871PR","Taurine","C00245","mmu00920","Sulfur metabolism"
"FT0871PR","Taurine","C00245","mmu02010","ABC transporters"
"FT0871PR","Taurine","C00245","mmu04080","Neuroactive ligand-receptor interaction"
"FT1531PR","2-Keto-glutaramic acid","C00940","mmu00250","Alanine, aspartate and glutamate metabolism"
"FT0257PR","Piperidine","C01746","mmu04974","Protein digestion and absorption"
"FT2869NR","Eicosapentaenoic acid","C06428","mmu01040","Biosynthesis of unsaturated fatty acids"
"FT1502PR","Methionine sulfoxide","C02989","mmu00270","Cysteine and methionine metabolism"
"FT3694PR","5'-Methylthioadenosine","C00170","mmu00270","Cysteine and methionine metabolism"
"FT2633NR","Thymidine","C00214","mmu00240","Pyrimidine metabolism"
"FT3420PR","5-Methylthioribulose 1-phosphate","C04582","mmu00270","Cysteine and methionine metabolism"
"FT1565PR","3-Methylhistidine","C01152","mmu00340","Histidine metabolism"
"FT3220NR","20-Hydroxyeicosatetraenoic acid","C14748","mmu00590","Arachidonic acid metabolism"
"FT3220NR","20-Hydroxyeicosatetraenoic acid","C14748","mmu04270","Vascular smooth muscle contraction"
"FT1276PR","L-Methionine","C00073","mmu00270","Cysteine and methionine metabolism"
"FT1276PR","L-Methionine","C00073","mmu00470","D-Amino acid metabolism"
"FT1276PR","L-Methionine","C00073","mmu00670","One carbon pool by folate"
"FT1276PR","L-Methionine","C00073","mmu00920","Sulfur metabolism"
"FT1276PR","L-Methionine","C00073","mmu00970","Aminoacyl-tRNA biosynthesis"
"FT1276PR","L-Methionine","C00073","mmu01523","Antifolate resistance"
"FT1276PR","L-Methionine","C00073","mmu04148","Efferocytosis"
"FT1276PR","L-Methionine","C00073","mmu04974","Protein digestion and absorption"
"FT1276PR","L-Methionine","C00073","mmu04978","Mineral absorption"
"FT1276PR","L-Methionine","C00073","mmu04980","Cobalamin transport and metabolism"
"FT1276PR","L-Methionine","C00073","mmu04981","Folate transport and metabolism"
"FT1276PR","L-Methionine","C00073","mmu05230","Central carbon metabolism in cancer"
"FT4028PR","Prostaglandin A2","C05953","mmu00590","Arachidonic acid metabolism"
"FT4028PR","Prostaglandin A2","C05953","mmu04726","Serotonergic synapse"
"FT6182PR","LysoPC(P-18:0/0:0)","C04230","mmu00564","Glycerophospholipid metabolism"
"FT6182PR","LysoPC(P-18:0/0:0)","C04230","mmu04148","Efferocytosis"
"FT6182PR","LysoPC(P-18:0/0:0)","C04230","mmu05231","Choline metabolism in cancer"
"FT1527NR","2-Keto-3-deoxy-D-gluconic acid","C01216","mmu00052","Galactose metabolism"
"FT3915PR","gamma-Glutamyltyrosine","C01151","mmu00030","Pentose phosphate pathway"
"FT3915PR","gamma-Glutamyltyrosine","C01151","mmu00440","Phosphonate and phosphinate metabolism"
"FT1566NR","L-Glutamic acid 5-phosphate","C03287","mmu00330","Arginine and proline metabolism"
"FT1216PR","4-Trimethylammoniobutanoic acid","C01181","mmu00310","Lysine degradation"
"FT1216PR","4-Trimethylammoniobutanoic acid","C01181","mmu02010","ABC transporters"
"FT3264NR","Uridine 3'-monophosphate","C01368","mmu00240","Pyrimidine metabolism"
"FT1647PR","N2-Acetylornithine","C00437","mmu00220","Arginine biosynthesis"
"FT4064NR","Phosphoribosyl formamidocarboxamide","C04734","mmu00230","Purine metabolism"
"FT0811NR","D-Tagatose","C00795","mmu00052","Galactose metabolism"
"FT2033NR","Palmitelaidic acid","C08362","mmu00061","Fatty acid biosynthesis"
"FT3452NR","Glycineamideribotide","C03838","mmu00230","Purine metabolism"
"FT4685PR","MG(20:4/0:0)","C13856","mmu04080","Neuroactive ligand-receptor interaction"
"FT4685PR","MG(20:4/0:0)","C13856","mmu04714","Thermogenesis"
"FT4685PR","MG(20:4/0:0)","C13856","mmu04723","Retrograde endocannabinoid signaling"
"FT0088NR","L-Alanine","C00041","mmu00250","Alanine, aspartate and glutamate metabolism"
"FT0088NR","L-Alanine","C00041","mmu00270","Cysteine and methionine metabolism"
"FT0088NR","L-Alanine","C00041","mmu00430","Taurine and hypotaurine metabolism"
"FT0088NR","L-Alanine","C00041","mmu00450","Selenocompound metabolism"
"FT0088NR","L-Alanine","C00041","mmu00470","D-Amino acid metabolism"
"FT0088NR","L-Alanine","C00041","mmu00970","Aminoacyl-tRNA biosynthesis"
"FT0088NR","L-Alanine","C00041","mmu02010","ABC transporters"
"FT0088NR","L-Alanine","C00041","mmu04122","Sulfur relay system"
"FT0088NR","L-Alanine","C00041","mmu04974","Protein digestion and absorption"
"FT0088NR","L-Alanine","C00041","mmu04978","Mineral absorption"
"FT0088NR","L-Alanine","C00041","mmu05230","Central carbon metabolism in cancer"
"FT0127NR","Mesylate","C11145","mmu00920","Sulfur metabolism"
"FT1188NR","5,6-Dihydroxyindole-2-carboxylic acid","C04185","mmu00350","Tyrosine metabolism"
"FT3111NR","5'-phosphoribosyl-N-formylglycinamide","C04376","mmu00230","Purine metabolism"
"FT1174NR","Oxoglutaric acid","C00026","mmu00020","Citrate cycle (TCA cycle)"
"FT1174NR","Oxoglutaric acid","C00026","mmu00040","Pentose and glucuronate interconversions"
"FT1174NR","Oxoglutaric acid","C00026","mmu00053","Ascorbate and aldarate metabolism"
"FT1174NR","Oxoglutaric acid","C00026","mmu00220","Arginine biosynthesis"
"FT1174NR","Oxoglutaric acid","C00026","mmu00250","Alanine, aspartate and glutamate metabolism"
"FT1174NR","Oxoglutaric acid","C00026","mmu00310","Lysine degradation"
"FT1174NR","Oxoglutaric acid","C00026","mmu00340","Histidine metabolism"
"FT1174NR","Oxoglutaric acid","C00026","mmu00430","Taurine and hypotaurine metabolism"
"FT1174NR","Oxoglutaric acid","C00026","mmu00470","D-Amino acid metabolism"
"FT1174NR","Oxoglutaric acid","C00026","mmu00630","Glyoxylate and dicarboxylate metabolism"
"FT1174NR","Oxoglutaric acid","C00026","mmu00650","Butanoate metabolism"
"FT1174NR","Oxoglutaric acid","C00026","mmu00660","C5-Branched dibasic acid metabolism"
"FT1174NR","Oxoglutaric acid","C00026","mmu00785","Lipoic acid metabolism"
"FT1174NR","Oxoglutaric acid","C00026","mmu04066","HIF-1 signaling pathway"
"FT1174NR","Oxoglutaric acid","C00026","mmu04727","GABAergic synapse"
"FT1174NR","Oxoglutaric acid","C00026","mmu04922","Glucagon signaling pathway"
"FT1174NR","Oxoglutaric acid","C00026","mmu04964","Proximal tubule bicarbonate reclamation"
"FT1174NR","Oxoglutaric acid","C00026","mmu04976","Bile secretion"
"FT1174NR","Oxoglutaric acid","C00026","mmu05230","Central carbon metabolism in cancer"
"FT2852PR","L-Aspartyl-4-phosphate","C03082","mmu00260","Glycine, serine and threonine metabolism"
"FT2852PR","L-Aspartyl-4-phosphate","C03082","mmu00270","Cysteine and methionine metabolism"
"FT0490NR","Ornithine","C00077","mmu00220","Arginine biosynthesis"
"FT0490NR","Ornithine","C00077","mmu00330","Arginine and proline metabolism"
"FT0490NR","Ornithine","C00077","mmu00470","D-Amino acid metabolism"
"FT0490NR","Ornithine","C00077","mmu00480","Glutathione metabolism"
"FT0490NR","Ornithine","C00077","mmu02010","ABC transporters"
"FT0490NR","Ornithine","C00077","mmu04148","Efferocytosis"
"FT1363NR","Dehydroascorbic acid","C05422","mmu00053","Ascorbate and aldarate metabolism"
"FT1363NR","Dehydroascorbic acid","C05422","mmu00480","Glutathione metabolism"
"FT4023NR","Guanosine monophosphate","C00144","mmu00230","Purine metabolism"
"FT4023NR","Guanosine monophosphate","C00144","mmu01523","Antifolate resistance"
"FT4023NR","Guanosine monophosphate","C00144","mmu04022","cGMP-PKG signaling pathway"
"FT4023NR","Guanosine monophosphate","C00144","mmu04740","Olfactory transduction"
"FT4023NR","Guanosine monophosphate","C00144","mmu04742","Taste transduction"
"FT4023NR","Guanosine monophosphate","C00144","mmu04744","Phototransduction"
"FT6735NR","Uridine diphosphate glucuronic acid","C00167","mmu00040","Pentose and glucuronate interconversions"
"FT6735NR","Uridine diphosphate glucuronic acid","C00167","mmu00053","Ascorbate and aldarate metabolism"
"FT6735NR","Uridine diphosphate glucuronic acid","C00167","mmu00520","Amino sugar and nucleotide sugar metabolism"
"FT6735NR","Uridine diphosphate glucuronic acid","C00167","mmu00541","Biosynthesis of various nucleotide sugars"
"FT1230PR","L-Lysine","C00047","mmu00310","Lysine degradation"
"FT1230PR","L-Lysine","C00047","mmu00470","D-Amino acid metabolism"
"FT1230PR","L-Lysine","C00047","mmu00780","Biotin metabolism"
"FT1230PR","L-Lysine","C00047","mmu00970","Aminoacyl-tRNA biosynthesis"
"FT1230PR","L-Lysine","C00047","mmu02010","ABC transporters"
"FT1230PR","L-Lysine","C00047","mmu04974","Protein digestion and absorption"
"FT0576PR","Choline","C00114","mmu00260","Glycine, serine and threonine metabolism"
"FT0576PR","Choline","C00114","mmu00564","Glycerophospholipid metabolism"
"FT0576PR","Choline","C00114","mmu00670","One carbon pool by folate"
"FT0576PR","Choline","C00114","mmu02010","ABC transporters"
"FT0576PR","Choline","C00114","mmu04082","Neuroactive ligand signaling"
"FT0576PR","Choline","C00114","mmu04725","Cholinergic synapse"
"FT0576PR","Choline","C00114","mmu04976","Bile secretion"
"FT0576PR","Choline","C00114","mmu04981","Folate transport and metabolism"
"FT0576PR","Choline","C00114","mmu05231","Choline metabolism in cancer"
"FT1790NR","Homocarnosine","C00884","mmu00330","Arginine and proline metabolism"
"FT6835NR","GDP-L-fucose","C00325","mmu00051","Fructose and mannose metabolism"
"FT6835NR","GDP-L-fucose","C00325","mmu00520","Amino sugar and nucleotide sugar metabolism"
"FT6835NR","GDP-L-fucose","C00325","mmu00541","Biosynthesis of various nucleotide sugars"
"FT2165NR","5-Fluorouridine","C16633","mmu00983","Drug metabolism - other enzymes"
"FT1666PR","Citrulline","C00327","mmu00220","Arginine biosynthesis"
"FT7038NR","Oxidized glutathione","C00127","mmu00480","Glutathione metabolism"
"FT7038NR","Oxidized glutathione","C00127","mmu04216","Ferroptosis"
"FT7038NR","Oxidized glutathione","C00127","mmu04918","Thyroid hormone synthesis"
"FT7038NR","Oxidized glutathione","C00127","mmu05208","Chemical carcinogenesis - reactive oxygen species"
"FT7038NR","Oxidized glutathione","C00127","mmu05415","Diabetic cardiomyopathy"
"FT0068NR","3-Hydroxybutyric acid","C01089","mmu00650","Butanoate metabolism"
"FT0068NR","3-Hydroxybutyric acid","C01089","mmu04024","cAMP signaling pathway"
"FT0981PR","Creatine","C00300","mmu00260","Glycine, serine and threonine metabolism"
"FT0981PR","Creatine","C00300","mmu00330","Arginine and proline metabolism"
"FT1886PR","5-Hydroxyindoleacetic acid","C05635","mmu00380","Tryptophan metabolism"
"FT1886PR","5-Hydroxyindoleacetic acid","C05635","mmu04726","Serotonergic synapse"
"FT4302PR","Berberine","C00757","mmu04152","AMPK signaling pathway"
"FT2979NR","cis-8,11,14-Eicosatrienoic Acid","C03242","mmu00591","Linoleic acid metabolism"
"FT2979NR","cis-8,11,14-Eicosatrienoic Acid","C03242","mmu01040","Biosynthesis of unsaturated fatty acids"
"FT4139NR","6-keto-PGF1alpha","C05961","mmu00590","Arachidonic acid metabolism"
"FT0818PR","Niacinamide","C00153","mmu00760","Nicotinate and nicotinamide metabolism"
"FT0818PR","Niacinamide","C00153","mmu04977","Vitamin digestion and absorption"
"FT0251NR","Glycolic acid","C00160","mmu00630","Glyoxylate and dicarboxylate metabolism"
"FT1453PR","L-Carnitine","C00318","mmu04714","Thermogenesis"
"FT1453PR","L-Carnitine","C00318","mmu04976","Bile secretion"
"FT1453PR","L-Carnitine","C00318","mmu05415","Diabetic cardiomyopathy"
"FT3862NR","FA(20:3;O3)","C00639","mmu00590","Arachidonic acid metabolism"
"FT3862NR","FA(20:3;O3)","C00639","mmu04072","Phospholipase D signaling pathway"
"FT3862NR","FA(20:3;O3)","C00639","mmu04080","Neuroactive ligand-receptor interaction"
"FT3862NR","FA(20:3;O3)","C00639","mmu04726","Serotonergic synapse"
"FT3862NR","FA(20:3;O3)","C00639","mmu04913","Ovarian steroidogenesis"
"FT3862NR","FA(20:3;O3)","C00639","mmu04921","Oxytocin signaling pathway"
"FT3862NR","FA(20:3;O3)","C00639","mmu04976","Bile secretion"
"FT1761PR","Phosphorylcholine","C00588","mmu00564","Glycerophospholipid metabolism"
"FT1761PR","Phosphorylcholine","C00588","mmu05231","Choline metabolism in cancer"
"FT0969PR","5,6-Dihydroxyindole","C05578","mmu00350","Tyrosine metabolism"
"FT1074PR","Hypoxanthine","C00262","mmu00230","Purine metabolism"
"FT0986NR","Phosphonoacetic acid","C05682","mmu00440","Phosphonate and phosphinate metabolism"
"FT1108NR","cis-2-Methylaconitate","C04225","mmu00640","Propanoate metabolism"
"FT1779NR","L-Cystine","C00491","mmu00270","Cysteine and methionine metabolism"
"FT1779NR","L-Cystine","C00491","mmu02010","ABC transporters"
"FT1779NR","L-Cystine","C00491","mmu04216","Ferroptosis"
"FT1779NR","L-Cystine","C00491","mmu04974","Protein digestion and absorption"
"FT1804NR","2-Phenyl-1,3-propanediol monocarbamate","C16586","mmu00982","Drug metabolism - cytochrome P450"
"FT0897NR","Phosphodimethylethanolamine","C13482","mmu00564","Glycerophospholipid metabolism"
"FT3490NR","Dehydroepiandrosterone","C01227","mmu00140","Steroid hormone biosynthesis"
"FT3490NR","Dehydroepiandrosterone","C01227","mmu04913","Ovarian steroidogenesis"
"FT3490NR","Dehydroepiandrosterone","C01227","mmu05200","Pathways in cancer"
"FT3490NR","Dehydroepiandrosterone","C01227","mmu05215","Prostate cancer"
"FT0227NR","Malonic acid","C00383","mmu00061","Fatty acid biosynthesis"
"FT0227NR","Malonic acid","C00383","mmu00240","Pyrimidine metabolism"
"FT0227NR","Malonic acid","C00383","mmu00410","beta-Alanine metabolism"
"FT2476NR","FA(18:2)","C04056","mmu00591","Linoleic acid metabolism"
"FT0557NR","D-Lactic acid","C00256","mmu00620","Pyruvate metabolism"
"FT1534PR","Pyridoxal","C00250","mmu00750","Vitamin B6 metabolism"
"FT1534PR","Pyridoxal","C00250","mmu04977","Vitamin digestion and absorption"
"FT0239NR","Glyceric acid","C00258","mmu00030","Pentose phosphate pathway"
"FT0239NR","Glyceric acid","C00258","mmu00260","Glycine, serine and threonine metabolism"
"FT0239NR","Glyceric acid","C00258","mmu00561","Glycerolipid metabolism"
"FT0239NR","Glyceric acid","C00258","mmu00630","Glyoxylate and dicarboxylate metabolism"
"FT3161NR","all-trans-4-hydroxyretinoic acid","C16677","mmu00830","Retinol metabolism"
"FT0881NR","L-Cysteine","C00097","mmu00260","Glycine, serine and threonine metabolism"
"FT0881NR","L-Cysteine","C00097","mmu00270","Cysteine and methionine metabolism"
"FT0881NR","L-Cysteine","C00097","mmu00340","Histidine metabolism"
"FT0881NR","L-Cysteine","C00097","mmu00430","Taurine and hypotaurine metabolism"
"FT0881NR","L-Cysteine","C00097","mmu00470","D-Amino acid metabolism"
"FT0881NR","L-Cysteine","C00097","mmu00480","Glutathione metabolism"
"FT0881NR","L-Cysteine","C00097","mmu00670","One carbon pool by folate"
"FT0881NR","L-Cysteine","C00097","mmu00730","Thiamine metabolism"
"FT0881NR","L-Cysteine","C00097","mmu00770","Pantothenate and CoA biosynthesis"
"FT0881NR","L-Cysteine","C00097","mmu00920","Sulfur metabolism"
"FT0881NR","L-Cysteine","C00097","mmu00970","Aminoacyl-tRNA biosynthesis"
"FT0881NR","L-Cysteine","C00097","mmu04122","Sulfur relay system"
"FT0881NR","L-Cysteine","C00097","mmu04216","Ferroptosis"
"FT0881NR","L-Cysteine","C00097","mmu04974","Protein digestion and absorption"
"FT0881NR","L-Cysteine","C00097","mmu05230","Central carbon metabolism in cancer"
"FT5490PR","ADP","C00008","mmu00190","Oxidative phosphorylation"
"FT5490PR","ADP","C00008","mmu00230","Purine metabolism"
"FT5490PR","ADP","C00008","mmu04068","FoxO signaling pathway"
"FT5490PR","ADP","C00008","mmu04080","Neuroactive ligand-receptor interaction"
"FT5490PR","ADP","C00008","mmu04082","Neuroactive ligand signaling"
"FT5490PR","ADP","C00008","mmu04142","Lysosome biogenesis"
"FT5490PR","ADP","C00008","mmu04152","AMPK signaling pathway"
"FT5490PR","ADP","C00008","mmu04611","Platelet activation"
"FT5490PR","ADP","C00008","mmu04714","Thermogenesis"
"FT5490PR","ADP","C00008","mmu04742","Taste transduction"
"FT5490PR","ADP","C00008","mmu04924","Renin secretion"
"FT5490PR","ADP","C00008","mmu05012","Parkinson disease"
"FT5490PR","ADP","C00008","mmu05014","Amyotrophic lateral sclerosis"
"FT5490PR","ADP","C00008","mmu05022","Pathways of neurodegeneration - multiple diseases"
"FT1295NR","Thioguanine","C07648","mmu00983","Drug metabolism - other enzymes"
"FT6193PR","LysoPC(O-18:0/0:0)","C04317","mmu00565","Ether lipid metabolism"
"FT3827NR","Prostaglandin E2","C00584","mmu00590","Arachidonic acid metabolism"
"FT3827NR","Prostaglandin E2","C00584","mmu04024","cAMP signaling pathway"
"FT3827NR","Prostaglandin E2","C00584","mmu04080","Neuroactive ligand-receptor interaction"
"FT3827NR","Prostaglandin E2","C00584","mmu04148","Efferocytosis"
"FT3827NR","Prostaglandin E2","C00584","mmu04625","C-type lectin receptor signaling pathway"
"FT3827NR","Prostaglandin E2","C00584","mmu04726","Serotonergic synapse"
"FT3827NR","Prostaglandin E2","C00584","mmu04750","Inflammatory mediator regulation of TRP channels"
"FT3827NR","Prostaglandin E2","C00584","mmu04921","Oxytocin signaling pathway"
"FT3827NR","Prostaglandin E2","C00584","mmu04923","Regulation of lipolysis in adipocytes"
"FT3827NR","Prostaglandin E2","C00584","mmu04924","Renin secretion"
"FT3827NR","Prostaglandin E2","C00584","mmu04976","Bile secretion"
"FT3827NR","Prostaglandin E2","C00584","mmu05140","Leishmaniasis"
"FT3827NR","Prostaglandin E2","C00584","mmu05143","African trypanosomiasis"
"FT3827NR","Prostaglandin E2","C00584","mmu05146","Amoebiasis"
"FT3827NR","Prostaglandin E2","C00584","mmu05163","Human cytomegalovirus infection"
"FT3827NR","Prostaglandin E2","C00584","mmu05165","Human papillomavirus infection"
"FT3827NR","Prostaglandin E2","C00584","mmu05200","Pathways in cancer"
"FT3827NR","Prostaglandin E2","C00584","mmu05323","Rheumatoid arthritis"
"FT4222PR","EPA (d5)","C06428","mmu01040","Biosynthesis of unsaturated fatty acids"
"FT0599NR","Sulfoacetic acid","C14179","mmu00430","Taurine and hypotaurine metabolism"
"FT1356NR","3-Carbamoyl-2-phenylpropionic acid","C16591","mmu00982","Drug metabolism - cytochrome P450"
"FT2561NR","Stearic acid","C01530","mmu00061","Fatty acid biosynthesis"
"FT2561NR","Stearic acid","C01530","mmu01040","Biosynthesis of unsaturated fatty acids"
"FT1056NR","Mannitol","C00392","mmu00051","Fructose and mannose metabolism"
"FT1056NR","Mannitol","C00392","mmu02010","ABC transporters"
"FT5937PR","20-hydroxy-LTE4","C03577","mmu00590","Arachidonic acid metabolism"
"FT3216NR","AICAR","C04677","mmu00230","Purine metabolism"
"FT3216NR","AICAR","C04677","mmu00340","Histidine metabolism"
"FT3216NR","AICAR","C04677","mmu04152","AMPK signaling pathway"
"FT1649PR","L-Arginine","C00062","mmu00220","Arginine biosynthesis"
"FT1649PR","L-Arginine","C00062","mmu00330","Arginine and proline metabolism"
"FT1649PR","L-Arginine","C00062","mmu00470","D-Amino acid metabolism"
"FT1649PR","L-Arginine","C00062","mmu00970","Aminoacyl-tRNA biosynthesis"
"FT1649PR","L-Arginine","C00062","mmu02010","ABC transporters"
"FT1649PR","L-Arginine","C00062","mmu04148","Efferocytosis"
"FT1649PR","L-Arginine","C00062","mmu04150","mTOR signaling pathway"
"FT1649PR","L-Arginine","C00062","mmu04974","Protein digestion and absorption"
"FT1649PR","L-Arginine","C00062","mmu05014","Amyotrophic lateral sclerosis"
"FT1649PR","L-Arginine","C00062","mmu05022","Pathways of neurodegeneration - multiple diseases"
"FT1649PR","L-Arginine","C00062","mmu05142","Chagas disease"
"FT1649PR","L-Arginine","C00062","mmu05146","Amoebiasis"
"FT1649PR","L-Arginine","C00062","mmu05230","Central carbon metabolism in cancer"
"FT2547NR","Xanthosine","C01762","mmu00230","Purine metabolism"
"FT2547NR","Xanthosine","C01762","mmu00232","Caffeine metabolism"
"FT2547NR","Xanthosine","C01762","mmu02010","ABC transporters"
"FT2921PR","7,8-Dihydroneopterin","C04874","mmu00790","Folate biosynthesis"
"FT6667PR","LysoPC(22:4/0:0)","C04230","mmu00564","Glycerophospholipid metabolism"
"FT6667PR","LysoPC(22:4/0:0)","C04230","mmu04148","Efferocytosis"
"FT6667PR","LysoPC(22:4/0:0)","C04230","mmu05231","Choline metabolism in cancer"
"FT4166PR","Farnesylcysteine","C19691","mmu00900","Terpenoid backbone biosynthesis"
"FT1146PR","O-Phosphoethanolamine","C00346","mmu00563","Glycosylphosphatidylinositol (GPI)-anchor biosynthesis"
"FT1146PR","O-Phosphoethanolamine","C00346","mmu00564","Glycerophospholipid metabolism"
"FT1146PR","O-Phosphoethanolamine","C00346","mmu00600","Sphingolipid metabolism"
"FT1146PR","O-Phosphoethanolamine","C00346","mmu04071","Sphingolipid signaling pathway"
"FT0043NR","Phosphate","C00009","mmu00190","Oxidative phosphorylation"
"FT0043NR","Phosphate","C00009","mmu02010","ABC transporters"
"FT0043NR","Phosphate","C00009","mmu04928","Parathyroid hormone synthesis, secretion and action"
"FT0043NR","Phosphate","C00009","mmu04978","Mineral absorption"
"FT0043NR","Phosphate","C00009","mmu05012","Parkinson disease"
"FT0043NR","Phosphate","C00009","mmu05022","Pathways of neurodegeneration - multiple diseases"
"FT5274NR","24-epibrassicasterol","C08813","mmu00100","Steroid biosynthesis"
"FT0497NR","L-Aspartic acid","C00049","mmu00220","Arginine biosynthesis"
"FT0497NR","L-Aspartic acid","C00049","mmu00250","Alanine, aspartate and glutamate metabolism"
"FT0497NR","L-Aspartic acid","C00049","mmu00260","Glycine, serine and threonine metabolism"
"FT0497NR","L-Aspartic acid","C00049","mmu00270","Cysteine and methionine metabolism"
"FT0497NR","L-Aspartic acid","C00049","mmu00340","Histidine metabolism"
"FT0497NR","L-Aspartic acid","C00049","mmu00410","beta-Alanine metabolism"
"FT0497NR","L-Aspartic acid","C00049","mmu00470","D-Amino acid metabolism"
"FT0497NR","L-Aspartic acid","C00049","mmu00630","Glyoxylate and dicarboxylate metabolism"
"FT0497NR","L-Aspartic acid","C00049","mmu00760","Nicotinate and nicotinamide metabolism"
"FT0497NR","L-Aspartic acid","C00049","mmu00770","Pantothenate and CoA biosynthesis"
"FT0497NR","L-Aspartic acid","C00049","mmu00970","Aminoacyl-tRNA biosynthesis"
"FT0497NR","L-Aspartic acid","C00049","mmu02010","ABC transporters"
"FT0497NR","L-Aspartic acid","C00049","mmu04080","Neuroactive ligand-receptor interaction"
"FT0497NR","L-Aspartic acid","C00049","mmu04974","Protein digestion and absorption"
"FT0497NR","L-Aspartic acid","C00049","mmu05230","Central carbon metabolism in cancer"
"FT1215PR","4-Guanidinobutanoic acid","C01035","mmu00330","Arginine and proline metabolism"
"FT6633PR","LysoPC(22:6/0:0)","C04230","mmu00564","Glycerophospholipid metabolism"
"FT6633PR","LysoPC(22:6/0:0)","C04230","mmu04148","Efferocytosis"
"FT6633PR","LysoPC(22:6/0:0)","C04230","mmu05231","Choline metabolism in cancer"
"FT4814NR","dIDP","C01344","mmu00230","Purine metabolism"
"FT6491PR","LysoPC(20:2/0:0)","C04230","mmu00564","Glycerophospholipid metabolism"
"FT6491PR","LysoPC(20:2/0:0)","C04230","mmu04148","Efferocytosis"
"FT6491PR","LysoPC(20:2/0:0)","C04230","mmu05231","Choline metabolism in cancer"
"FT0349NR","Succinic acid","C00042","mmu00020","Citrate cycle (TCA cycle)"
"FT0349NR","Succinic acid","C00042","mmu00190","Oxidative phosphorylation"
"FT0349NR","Succinic acid","C00042","mmu00250","Alanine, aspartate and glutamate metabolism"
"FT0349NR","Succinic acid","C00042","mmu00310","Lysine degradation"
"FT0349NR","Succinic acid","C00042","mmu00350","Tyrosine metabolism"
"FT0349NR","Succinic acid","C00042","mmu00360","Phenylalanine metabolism"
"FT0349NR","Succinic acid","C00042","mmu00620","Pyruvate metabolism"
"FT0349NR","Succinic acid","C00042","mmu00630","Glyoxylate and dicarboxylate metabolism"
"FT0349NR","Succinic acid","C00042","mmu00640","Propanoate metabolism"
"FT0349NR","Succinic acid","C00042","mmu00650","Butanoate metabolism"
"FT0349NR","Succinic acid","C00042","mmu00760","Nicotinate and nicotinamide metabolism"
"FT0349NR","Succinic acid","C00042","mmu00920","Sulfur metabolism"
"FT0349NR","Succinic acid","C00042","mmu04024","cAMP signaling pathway"
"FT0349NR","Succinic acid","C00042","mmu04727","GABAergic synapse"
"FT0349NR","Succinic acid","C00042","mmu04922","Glucagon signaling pathway"
"FT0349NR","Succinic acid","C00042","mmu05230","Central carbon metabolism in cancer"
"FT5413NR","Flavin mononucleotide","C00061","mmu00740","Riboflavin metabolism"
"FT5413NR","Flavin mononucleotide","C00061","mmu04977","Vitamin digestion and absorption"
"FT1014NR","Pyrophosphate","C00013","mmu00190","Oxidative phosphorylation"
"FT1014NR","Pyrophosphate","C00013","mmu05012","Parkinson disease"
"FT1014NR","Pyrophosphate","C00013","mmu05022","Pathways of neurodegeneration - multiple diseases"
"FT2704PR","Lumichrome","C01727","mmu00740","Riboflavin metabolism"
"FT1136NR","Kynurenic acid","C01717","mmu00380","Tryptophan metabolism"
"FT3752NR","Adenosine monophosphate","C00020","mmu00230","Purine metabolism"
"FT3752NR","Adenosine monophosphate","C00020","mmu01523","Antifolate resistance"
"FT3752NR","Adenosine monophosphate","C00020","mmu04022","cGMP-PKG signaling pathway"
"FT3752NR","Adenosine monophosphate","C00020","mmu04024","cAMP signaling pathway"
"FT3752NR","Adenosine monophosphate","C00020","mmu04068","FoxO signaling pathway"
"FT3752NR","Adenosine monophosphate","C00020","mmu04150","mTOR signaling pathway"
"FT3752NR","Adenosine monophosphate","C00020","mmu04151","PI3K-Akt signaling pathway"
"FT3752NR","Adenosine monophosphate","C00020","mmu04152","AMPK signaling pathway"
"FT3752NR","Adenosine monophosphate","C00020","mmu04211","Longevity regulating pathway"
"FT3752NR","Adenosine monophosphate","C00020","mmu04740","Olfactory transduction"
"FT3752NR","Adenosine monophosphate","C00020","mmu04742","Taste transduction"
"FT3752NR","Adenosine monophosphate","C00020","mmu04923","Regulation of lipolysis in adipocytes"
"FT3752NR","Adenosine monophosphate","C00020","mmu04924","Renin secretion"
"FT3752NR","Adenosine monophosphate","C00020","mmu04925","Aldosterone synthesis and secretion"
"FT3752NR","Adenosine monophosphate","C00020","mmu04927","Cortisol synthesis and secretion"
"FT3752NR","Adenosine monophosphate","C00020","mmu04928","Parathyroid hormone synthesis, secretion and action"
"FT3752NR","Adenosine monophosphate","C00020","mmu04934","Cushing syndrome"
"FT3752NR","Adenosine monophosphate","C00020","mmu05012","Parkinson disease"
"FT3752NR","Adenosine monophosphate","C00020","mmu05022","Pathways of neurodegeneration - multiple diseases"
"FT3752NR","Adenosine monophosphate","C00020","mmu05032","Morphine addiction"
