"PathwayID","PathwayName","SetSize","PearsonR","CorrelationT","Pvalue","padj","N","Omics"
"mmu00400","Phenylalanine, tyrosine and tryptophan biosynthesis",5,0.968583089796124,7.7894764342519,0.00146502877548976,0.156758078977404,6,"Transcriptomics"
"mmu00240","Pyrimidine metabolism",13,0.949672970019414,6.06348819873791,0.00373548051893967,0.199848207763273,6,"Transcriptomics"
"mmu04721","Synaptic vesicle cycle",4,0.930020049998102,5.06121262679284,0.00717443742868205,0.208697343241286,6,"Transcriptomics"
"mmu00230","Purine metabolism",22,0.92698683405599,4.94269255889033,0.00780176984079574,0.208697343241286,6,"Transcriptomics"
"mmu05014","Amyotrophic lateral sclerosis",3,0.887077192355554,3.84331288787586,0.018407369723476,0.393917712082387,6,"Transcriptomics"
"mmu00750","Vitamin B6 metabolism",6,0.841972996608111,3.12119481589123,0.0354856333596911,0.565060988679585,6,"Transcriptomics"
"mmu04921","Oxytocin signaling pathway",4,0.825454097713613,2.924708829833,0.0430405265392487,0.565060988679585,6,"Transcriptomics"
"mmu04082","Neuroactive ligand signaling",7,0.785080228449782,2.53499426308128,0.0643221355693867,0.565060988679585,6,"Transcriptomics"
"mmu00640","Propanoate metabolism",5,0.779085757507167,2.48544960178424,0.0678140035902327,0.565060988679585,6,"Transcriptomics"
"mmu00920","Sulfur metabolism",7,0.778340971242413,2.47941747321998,0.0682537314894804,0.565060988679585,6,"Transcriptomics"
"mmu00730","Thiamine metabolism",4,0.766341775808039,2.38574812148089,0.0755158270324332,0.565060988679585,6,"Transcriptomics"
"mmu00660","C5-Branched dibasic acid metabolism",3,0.764151016900029,2.36932320192528,0.0768775947281929,0.565060988679585,6,"Transcriptomics"
"mmu01040","Biosynthesis of unsaturated fatty acids",7,-0.764023078546954,-2.36837013571301,0.0769574610732712,0.565060988679585,6,"Transcriptomics"
"mmu00524","Neomycin, kanamycin and gentamicin biosynthesis",3,0.74450169400426,2.23031382097452,0.0895796904889715,0.565060988679585,6,"Transcriptomics"
"mmu00561","Glycerolipid metabolism",4,0.737329846245757,2.18295762404034,0.0944318708092924,0.565060988679585,6,"Transcriptomics"
"mmu04750","Inflammatory mediator regulation of TRP channels",3,0.719089167013124,2.06956607323315,0.107282881357966,0.565060988679585,6,"Transcriptomics"
"mmu05022","Pathways of neurodegeneration - multiple diseases",6,0.715550672928931,2.04864241244289,0.10985953006786,0.565060988679585,6,"Transcriptomics"
"mmu04122","Sulfur relay system",4,0.714467549803125,2.04230280268459,0.110653613999186,0.565060988679585,6,"Transcriptomics"
"mmu04924","Renin secretion",4,0.710323811469417,2.01832360368404,0.113714744524819,0.565060988679585,6,"Transcriptomics"
"mmu04068","FoxO signaling pathway",3,0.706526585286561,1.99672194926729,0.116552027391302,0.565060988679585,6,"Transcriptomics"
"mmu04152","AMPK signaling pathway",4,0.702398264693902,1.97362715539507,0.119671373663402,0.565060988679585,6,"Transcriptomics"
"mmu05012","Parkinson disease",8,0.701983955864829,1.97133134864485,0.119986410552828,0.565060988679585,6,"Transcriptomics"
"mmu00670","One carbon pool by folate",5,0.696050636641491,1.93887943625939,0.124537609513704,0.565060988679585,6,"Transcriptomics"
"mmu04913","Ovarian steroidogenesis",4,0.693209937261933,1.92361753365275,0.126742651666449,0.565060988679585,6,"Transcriptomics"
"mmu05415","Diabetic cardiomyopathy",6,0.642141552949213,1.6753279647829,0.169179848418097,0.660122037864857,6,"Transcriptomics"
"mmu00541","Biosynthesis of various nucleotide sugars",6,0.638190316477567,1.65789848820564,0.172677796720425,0.660122037864857,6,"Transcriptomics"
"mmu04726","Serotonergic synapse",8,0.63266932738075,1.63391350170146,0.177615435911584,0.660122037864857,6,"Transcriptomics"
"mmu04931","Insulin resistance",3,0.631287071839633,1.62797417473658,0.178860716969782,0.660122037864857,6,"Transcriptomics"
"mmu00250","Alanine, aspartate and glutamate metabolism",16,0.620678380835389,1.58323140843611,0.188538011279216,0.660122037864857,6,"Transcriptomics"
"mmu04923","Regulation of lipolysis in adipocytes",4,0.6172115890523,1.56892164556956,0.19174603879795,0.660122037864857,6,"Transcriptomics"
"mmu00030","Pentose phosphate pathway",6,0.59476330895353,1.47969316188802,0.213051832241701,0.660122037864857,6,"Transcriptomics"
"mmu00190","Oxidative phosphorylation",5,0.590941442304774,1.46505727945081,0.21676969544703,0.660122037864857,6,"Transcriptomics"
"mmu00140","Steroid hormone biosynthesis",4,0.587152829200465,1.4506983709268,0.22048076857388,0.660122037864857,6,"Transcriptomics"
"mmu05200","Pathways in cancer",5,0.586387832024501,1.44781678448283,0.221233182154868,0.660122037864857,6,"Transcriptomics"
"mmu00220","Arginine biosynthesis",11,0.584428115084961,1.44046180422713,0.223165356794909,0.660122037864857,6,"Transcriptomics"
"mmu00983","Drug metabolism - other enzymes",4,-0.582609566843792,-1.43367089531556,0.224964370609082,0.660122037864857,6,"Transcriptomics"
"mmu04925","Aldosterone synthesis and secretion",3,0.579286662089705,1.42134629131031,0.228266499074764,0.660122037864857,6,"Transcriptomics"
"mmu04540","Gap junction",4,0.56143702795054,1.35691558261209,0.246330172147328,0.692089758344729,6,"Transcriptomics"
"mmu00562","Inositol phosphate metabolism",4,0.555693978713784,1.33678788745283,0.25225701472378,0.692089758344729,6,"Transcriptomics"
"mmu04216","Ferroptosis",5,0.529883668223803,1.24962198180466,0.279563992028408,0.74783367867599,6,"Transcriptomics"
"mmu04714","Thermogenesis",4,0.479961875996187,1.09419287462547,0.33534001139645,0.833695732485506,6,"Transcriptomics"
"mmu04071","Sphingolipid signaling pathway",4,-0.477971494554104,-1.08830808180567,0.337640665193989,0.833695732485506,6,"Transcriptomics"
"mmu04964","Proximal tubule bicarbonate reclamation",4,0.476651235860511,1.08441658488653,0.339169868785044,0.833695732485506,6,"Transcriptomics"
"mmu00520","Amino sugar and nucleotide sugar metabolism",7,0.473501487512081,1.07517084627533,0.342828151676283,0.833695732485506,6,"Transcriptomics"
"mmu00051","Fructose and mannose metabolism",4,0.448973555849353,1.00492651987961,0.371791094446113,0.849717999360622,6,"Transcriptomics"
"mmu04918","Thyroid hormone synthesis",4,0.446252220253919,0.997315037202951,0.375055236151659,0.849717999360622,6,"Transcriptomics"
"mmu00020","Citrate cycle (TCA cycle)",6,0.443520799597254,0.989710085917595,0.378341444008801,0.849717999360622,6,"Transcriptomics"
"mmu00600","Sphingolipid metabolism",6,-0.439480516646997,-0.978523747759875,0.383220545103247,0.849717999360622,6,"Transcriptomics"
"mmu04742","Taste transduction",10,0.434616282837388,0.965153661174231,0.389123195968883,0.849717999360622,6,"Transcriptomics"
"mmu00590","Arachidonic acid metabolism",9,0.389425837959477,0.845605623121675,0.445389940748898,0.925305243773005,6,"Transcriptomics"
"mmu00630","Glyoxylate and dicarboxylate metabolism",14,0.386056702621884,0.837001936483367,0.449683848624634,0.925305243773005,6,"Transcriptomics"
"mmu05208","Chemical carcinogenesis - reactive oxygen species",4,0.381653985223729,0.825818042693577,0.455314836956501,0.925305243773005,6,"Transcriptomics"
"mmu04024","cAMP signaling pathway",9,-0.379304589274136,-0.819877060242269,0.458328765607189,0.925305243773005,6,"Transcriptomics"
"mmu00380","Tryptophan metabolism",11,0.351277854191329,0.750376242077368,0.494756382742425,0.929261146718664,6,"Transcriptomics"
"mmu04976","Bile secretion",14,0.342396966538628,0.728848927514286,0.50647512125446,0.929261146718664,6,"Transcriptomics"
"mmu00270","Cysteine and methionine metabolism",15,0.328895774064724,0.696542855571461,0.524445066484071,0.929261146718664,6,"Transcriptomics"
"mmu00040","Pentose and glucuronate interconversions",6,0.321082747644684,0.678068443742072,0.534926751930255,0.929261146718664,6,"Transcriptomics"
"mmu02010","ABC transporters",32,0.316647904791906,0.667651029525665,0.540902635695494,0.929261146718664,6,"Transcriptomics"
"mmu05032","Morphine addiction",4,0.314121880214063,0.661739237158794,0.544314784028794,0.929261146718664,6,"Transcriptomics"
"mmu05146","Amoebiasis",4,0.308909877797664,0.649590366937608,0.551374094130688,0.929261146718664,6,"Transcriptomics"
"mmu00260","Glycine, serine and threonine metabolism",11,0.307014592127844,0.645188696696385,0.553947396346475,0.929261146718664,6,"Transcriptomics"
"mmu00053","Ascorbate and aldarate metabolism",9,0.288934649423424,0.603614153099673,0.578658624997813,0.929261146718664,6,"Transcriptomics"
"mmu00310","Lysine degradation",6,0.288378196157461,0.602346110387955,0.579423757233951,0.929261146718664,6,"Transcriptomics"
"mmu04148","Efferocytosis",16,-0.278365801130764,-0.579641870194365,0.593236235989179,0.929261146718664,6,"Transcriptomics"
"mmu05231","Choline metabolism in cancer",15,-0.276070312701883,-0.574465837316415,0.596414855204682,0.929261146718664,6,"Transcriptomics"
"mmu05030","Cocaine addiction",5,0.265281862384212,0.550279750380785,0.611411741193721,0.929261146718664,6,"Transcriptomics"
"mmu05031","Amphetamine addiction",5,0.265281862384212,0.550279750380785,0.611411741193721,0.929261146718664,6,"Transcriptomics"
"mmu05034","Alcoholism",5,0.265281862384212,0.550279750380785,0.611411741193721,0.929261146718664,6,"Transcriptomics"
"mmu04724","Glutamatergic synapse",3,0.26312137459904,0.545463384953972,0.614426260453488,0.929261146718664,6,"Transcriptomics"
"mmu04928","Parathyroid hormone synthesis, secretion and action",3,0.251865489081569,0.520511083571802,0.630190464243609,0.929261146718664,6,"Transcriptomics"
"mmu00340","Histidine metabolism",11,0.248999181329513,0.514193559720634,0.634220276368398,0.929261146718664,6,"Transcriptomics"
"mmu05215","Prostate cancer",4,0.246893914047574,0.509562604971604,0.637184036300927,0.929261146718664,6,"Transcriptomics"
"mmu00330","Arginine and proline metabolism",13,-0.237716913836732,-0.489464585329942,0.650141241143797,0.929261146718664,6,"Transcriptomics"
"mmu00650","Butanoate metabolism",7,0.235309314510894,0.484215130802325,0.653550622314854,0.929261146718664,6,"Transcriptomics"
"mmu04080","Neuroactive ligand-receptor interaction",15,0.232953301930891,0.479087290601222,0.65689091357856,0.929261146718664,6,"Transcriptomics"
"mmu00360","Phenylalanine metabolism",5,0.229333497450726,0.471226158573509,0.662030519956436,0.929261146718664,6,"Transcriptomics"
"mmu05230","Central carbon metabolism in cancer",18,0.217741509271817,0.446188658206637,0.678549447162898,0.929261146718664,6,"Transcriptomics"
"mmu00480","Glutathione metabolism",10,0.214258716966114,0.438705515823722,0.683529890348723,0.929261146718664,6,"Transcriptomics"
"mmu04977","Vitamin digestion and absorption",7,0.208423746167099,0.426207599422756,0.69189139224163,0.929261146718664,6,"Transcriptomics"
"mmu04022","cGMP-PKG signaling pathway",3,0.195586271469704,0.39887623936525,0.710361570391566,0.929261146718664,6,"Transcriptomics"
"mmu04740","Olfactory transduction",3,0.195586271469704,0.39887623936525,0.710361570391566,0.929261146718664,6,"Transcriptomics"
"mmu00760","Nicotinate and nicotinamide metabolism",9,-0.183863291756918,-0.374104380523401,0.727312876930132,0.929261146718664,6,"Transcriptomics"
"mmu00061","Fatty acid biosynthesis",3,0.178651466372297,0.363145057290323,0.73487375148766,0.929261146718664,6,"Transcriptomics"
"mmu00350","Tyrosine metabolism",8,-0.170807259085309,-0.346709602769353,0.746280772491561,0.929261146718664,6,"Transcriptomics"
"mmu04728","Dopaminergic synapse",4,0.167449440762623,0.33969515130787,0.75117342268185,0.929261146718664,6,"Transcriptomics"
"mmu00410","beta-Alanine metabolism",8,-0.166540165200453,-0.337797787473851,0.752499300119354,0.929261146718664,6,"Transcriptomics"
"mmu00430","Taurine and hypotaurine metabolism",7,0.164437119849543,0.333412798868117,0.755567474434802,0.929261146718664,6,"Transcriptomics"
"mmu04978","Mineral absorption",9,-0.153490074824924,-0.310661428722229,0.77157293968361,0.938162551660753,6,"Transcriptomics"
"mmu04072","Phospholipase D signaling pathway",5,0.138960183033441,0.280643174831208,0.792901381324945,0.949918756097082,6,"Transcriptomics"
"mmu00120","Primary bile acid biosynthesis",3,0.133045178900324,0.268477126461148,0.801609749311119,0.949918756097082,6,"Transcriptomics"
"mmu00591","Linoleic acid metabolism",4,-0.126554151193161,-0.255159864192009,0.811182215890647,0.949918756097082,6,"Transcriptomics"
"mmu05143","African trypanosomiasis",3,-0.122527378246529,-0.246915229740332,0.817128681847668,0.949918756097082,6,"Transcriptomics"
"mmu04727","GABAergic synapse",6,-0.110820042391254,-0.223013740298496,0.834450431415718,0.949918756097082,6,"Transcriptomics"
"mmu00860","Porphyrin metabolism",3,-0.110781141690743,-0.222934483866592,0.834508066103979,0.949918756097082,6,"Transcriptomics"
"mmu01523","Antifolate resistance",4,0.0975814870461371,0.196098848296249,0.854092362044034,0.961861662300673,6,"Transcriptomics"
"mmu00564","Glycerophospholipid metabolism",19,-0.0860753935589871,-0.172792083134394,0.871205774811137,0.961861662300673,6,"Transcriptomics"
"mmu04917","Prolactin signaling pathway",4,0.0809721362279372,0.162477790141286,0.878807242031102,0.961861662300673,6,"Transcriptomics"
"mmu00970","Aminoacyl-tRNA biosynthesis",15,-0.0757919657127753,-0.152021197249866,0.886529741950993,0.961861662300673,6,"Transcriptomics"
"mmu00740","Riboflavin metabolism",5,-0.0735011803943075,-0.147401061486052,0.88994677166137,0.961861662300673,6,"Transcriptomics"
"mmu00770","Pantothenate and CoA biosynthesis",8,0.0617545008483304,0.123745185547238,0.907486002777092,0.971010022971489,6,"Transcriptomics"
"mmu04974","Protein digestion and absorption",17,-0.0481243666883121,-0.0963603811942902,0.927869176893398,0.973913151648996,6,"Transcriptomics"
"mmu00620","Pyruvate metabolism",5,-0.0477675368001015,-0.0956442534590459,0.928403191291566,0.973913151648996,6,"Transcriptomics"
"mmu04922","Glucagon signaling pathway",6,0.03698911177792,0.0740288838418406,0.944541636480735,0.981222865081929,6,"Transcriptomics"
"mmu00052","Galactose metabolism",5,-0.0199535633522839,-0.0399150734829267,0.970073627174226,0.988177783474165,6,"Transcriptomics"
"mmu04981","Folate transport and metabolism",6,-0.0160985165217115,-0.0322012059820506,0.975854311281187,0.988177783474165,6,"Transcriptomics"
"mmu04723","Retrograde endocannabinoid signaling",6,-0.00970161684232365,-0.0194041468785733,0.985448031301246,0.988177783474165,6,"Transcriptomics"
"mmu00470","D-Amino acid metabolism",15,0.0078816408870915,0.0157637714066005,0.988177783474165,0.988177783474165,6,"Transcriptomics"
