"PathwayID","PathwayName","SetSize","PearsonR_RNA","Pvalue_RNA","padj_RNA","N_RNA","PearsonR_Protein","Pvalue_Protein","padj_Protein","N_Protein","Concordant","MeanAbsR","MinAbsR","VIPORAFoldEnrichment","VIPORAOverlap","VIPORAPvalue","VIPORAFDR"
"mmu04921","Oxytocin signaling pathway",4,0.825454097713613,0.0430405265392487,0.565060988679585,6,0.860732580007739,0.00606717805161543,0.133365221047323,8,TRUE,0.843093338860676,0.825454097713613,0,0,1,1
"mmu00524","Neomycin, kanamycin and gentamicin biosynthesis",3,0.74450169400426,0.0895796904889715,0.565060988679585,6,0.819953902168133,0.0126918371291363,0.199777643694951,8,TRUE,0.782227798086196,0.74450169400426,3.59090909090909,1,0.254403903828509,1
"mmu04122","Sulfur relay system",4,0.714467549803125,0.110653613999186,0.565060988679585,6,0.921786769261035,0.00112706864593861,0.0401987817051438,8,TRUE,0.81812715953208,0.714467549803125,2.69318181818182,1,0.324502682101042,1
"mmu05012","Parkinson disease",8,0.701983955864829,0.119986410552828,0.565060988679585,6,0.751008271909784,0.0317438868174553,0.308781444497065,8,TRUE,0.726496113887307,0.701983955864829,2.69318181818182,2,0.163590094150786,1
"mmu04913","Ovarian steroidogenesis",4,0.693209937261933,0.126742651666449,0.565060988679585,6,0.769785113954783,0.0254786730628228,0.272621801772204,8,TRUE,0.731497525608358,0.693209937261933,0,0,1,1
"mmu04924","Renin secretion",4,0.710323811469417,0.113714744524819,0.565060988679585,6,0.66039838712844,0.0746698028893089,0.476597133826944,8,TRUE,0.685361099298929,0.66039838712844,0,0,1,1
"mmu00541","Biosynthesis of various nucleotide sugars",6,0.638190316477567,0.172677796720425,0.660122037864857,6,0.818094989160611,0.0130695654753706,0.199777643694951,8,TRUE,0.728142652819089,0.638190316477567,1.79545454545455,1,0.446291139631071,1
"mmu04726","Serotonergic synapse",8,0.63266932738075,0.177615435911584,0.660122037864857,6,0.797076316753478,0.0178397154171432,0.23860619370429,8,TRUE,0.714872822067114,0.63266932738075,0,0,1,1
"mmu04931","Insulin resistance",3,0.631287071839633,0.178860716969782,0.660122037864857,6,0.658358372755482,0.0758917996689895,0.476597133826944,8,TRUE,0.644822722297558,0.631287071839633,3.59090909090909,1,0.254403903828509,1
"mmu00250","Alanine, aspartate and glutamate metabolism",16,0.620678380835389,0.188538011279216,0.660122037864857,6,0.924297225765144,0.00102396560074416,0.0401987817051438,8,TRUE,0.772487803300267,0.620678380835389,0.673295454545455,1,0.800724763430022,1
"mmu00240","Pyrimidine metabolism",13,0.949672970019414,0.00373548051893967,0.199848207763273,6,0.61198611193174,0.106841350828833,0.501506867953952,8,TRUE,0.780829540975577,0.61198611193174,0.828671328671329,1,0.727866650780027,1
"mmu05200","Pathways in cancer",5,0.586387832024501,0.221233182154868,0.660122037864857,6,0.8594346201996,0.00623201967510857,0.133365221047323,8,TRUE,0.72291122611205,0.586387832024501,2.15454545454545,1,0.388283544735279,1
"mmu00220","Arginine biosynthesis",11,0.584428115084961,0.223165356794909,0.660122037864857,6,0.78779327026422,0.0202492183977479,0.240740707617669,8,TRUE,0.68611069267459,0.584428115084961,0.979338842975207,1,0.665846112048787,1
"mmu05022","Pathways of neurodegeneration - multiple diseases",6,0.715550672928931,0.10985953006786,0.565060988679585,6,0.583631420746517,0.128797246868225,0.506870432380116,8,TRUE,0.649591046837724,0.583631420746517,0,0,1,1
"mmu04082","Neuroactive ligand signaling",7,0.785080228449782,0.0643221355693867,0.565060988679585,6,0.570843161849806,0.139458299785325,0.506870432380116,8,TRUE,0.677961695149794,0.570843161849806,1.53896103896104,1,0.499025316809064,1
"mmu04923","Regulation of lipolysis in adipocytes",4,0.6172115890523,0.19174603879795,0.660122037864857,6,0.569106563525549,0.140942435860276,0.506870432380116,8,TRUE,0.593159076288925,0.569106563525549,2.69318181818182,1,0.324502682101042,1
"mmu00562","Inositol phosphate metabolism",4,0.555693978713784,0.25225701472378,0.692089758344729,6,0.674667950571752,0.0664459805414847,0.473981327862591,8,TRUE,0.615180964642768,0.555693978713784,2.69318181818182,1,0.324502682101042,1
"mmu05014","Amyotrophic lateral sclerosis",3,0.887077192355554,0.018407369723476,0.393917712082387,6,0.547038123630896,0.160560024531903,0.520819330923092,8,TRUE,0.717057657993225,0.547038123630896,0,0,1,1
"mmu04068","FoxO signaling pathway",3,0.706526585286561,0.116552027391302,0.565060988679585,6,0.542559305202041,0.16471257735221,0.520819330923092,8,TRUE,0.624542945244301,0.542559305202041,0,0,1,1
"mmu00140","Steroid hormone biosynthesis",4,0.587152829200465,0.22048076857388,0.660122037864857,6,0.540901181813822,0.166264525643759,0.520819330923092,8,TRUE,0.564027005507143,0.540901181813822,5.38636363636364,2,0.0441075690109091,0.762773337391502
"mmu00400","Phenylalanine, tyrosine and tryptophan biosynthesis",5,0.968583089796124,0.00146502877548976,0.156758078977404,6,0.526933204074054,0.17965083330776,0.520819330923092,8,TRUE,0.747758146935089,0.526933204074054,2.15454545454545,1,0.388283544735279,1
"mmu00640","Propanoate metabolism",5,0.779085757507167,0.0678140035902327,0.565060988679585,6,0.52647806700038,0.180096404150976,0.520819330923092,8,TRUE,0.652781912253774,0.52647806700038,0,0,1,1
"mmu01040","Biosynthesis of unsaturated fatty acids",7,-0.764023078546954,0.0769574610732712,0.565060988679585,6,-0.514761452671119,0.191769913331898,0.539983703329293,8,TRUE,0.639392265609036,0.514761452671119,3.07792207792208,2,0.129886076563112,1
"mmu00230","Purine metabolism",22,0.92698683405599,0.00780176984079574,0.208697343241286,6,0.497120569133472,0.210079801607608,0.561963469300351,8,TRUE,0.712053701594731,0.497120569133472,0.489669421487603,1,0.894585296657535,1
"mmu04071","Sphingolipid signaling pathway",4,-0.477971494554104,0.337640665193989,0.833695732485506,6,-0.602023933559014,0.114291516860876,0.506870432380116,8,TRUE,0.539997714056559,0.477971494554104,2.69318181818182,1,0.324502682101042,1
"mmu04964","Proximal tubule bicarbonate reclamation",4,0.476651235860511,0.339169868785044,0.833695732485506,6,0.940472922541315,0.00050406888371792,0.0401987817051438,8,TRUE,0.708562079200913,0.476651235860511,5.38636363636364,2,0.0441075690109091,0.762773337391502
"mmu04925","Aldosterone synthesis and secretion",3,0.579286662089705,0.228266499074764,0.660122037864857,6,0.475035530685376,0.234232150983595,0.566940672770423,8,TRUE,0.527161096387541,0.475035530685376,3.59090909090909,1,0.254403903828509,1
"mmu00520","Amino sugar and nucleotide sugar metabolism",7,0.473501487512081,0.342828151676283,0.833695732485506,6,0.726134971700185,0.041381361979012,0.368983810979523,8,TRUE,0.599818229606133,0.473501487512081,1.53896103896104,1,0.499025316809064,1
"mmu05415","Diabetic cardiomyopathy",6,0.642141552949213,0.169179848418097,0.660122037864857,6,0.455522735376681,0.256691647657319,0.583331164433329,8,TRUE,0.548832144162947,0.455522735376681,1.79545454545455,1,0.446291139631071,1
"mmu00600","Sphingolipid metabolism",6,-0.439480516646997,0.383220545103247,0.849717999360622,6,-0.622240578361616,0.0994701447955108,0.501506867953952,8,TRUE,0.530860547504307,0.439480516646997,5.38636363636364,3,0.011646554179659,0.623090648611757
"mmu04750","Inflammatory mediator regulation of TRP channels",3,0.719089167013124,0.107282881357966,0.565060988679585,6,0.436507189130655,0.279570554878625,0.583331164433329,8,TRUE,0.57779817807189,0.436507189130655,0,0,1,1
"mmu04742","Taste transduction",10,0.434616282837388,0.389123195968883,0.849717999360622,6,0.430950188885862,0.286438444092726,0.583331164433329,8,TRUE,0.432783235861625,0.430950188885862,1.07727272727273,1,0.629985694805242,1
"mmu00190","Oxidative phosphorylation",5,0.590941442304774,0.21676969544703,0.660122037864857,6,0.428682438930237,0.289264535860456,0.583331164433329,8,TRUE,0.509811940617505,0.428682438930237,0,0,1,1
"mmu00670","One carbon pool by folate",5,0.696050636641491,0.124537609513704,0.565060988679585,6,0.422439488554702,0.297114157296608,0.583331164433329,8,TRUE,0.559245062598096,0.422439488554702,2.15454545454545,1,0.388283544735279,1
"mmu00983","Drug metabolism - other enzymes",4,-0.582609566843792,0.224964370609082,0.660122037864857,6,-0.390954529371833,0.338229765453386,0.634922542166883,8,TRUE,0.486782048107812,0.390954529371833,0,0,1,1
"mmu00590","Arachidonic acid metabolism",9,0.389425837959477,0.445389940748898,0.925305243773005,6,0.65135564701661,0.0801752187746261,0.476597133826944,8,TRUE,0.520390742488043,0.389425837959477,0,0,1,1
"mmu05208","Chemical carcinogenesis - reactive oxygen species",4,0.381653985223729,0.455314836956501,0.925305243773005,6,0.395831234166077,0.331697126928271,0.633778438952233,8,TRUE,0.388742609694903,0.381653985223729,2.69318181818182,1,0.324502682101042,1
"mmu04918","Thyroid hormone synthesis",4,0.446252220253919,0.375055236151659,0.849717999360622,6,0.350522927192749,0.394619512478696,0.638488091793299,8,TRUE,0.398387573723334,0.350522927192749,2.69318181818182,1,0.324502682101042,1
"mmu04976","Bile secretion",14,0.342396966538628,0.50647512125446,0.929261146718664,6,0.420287821684086,0.299843121904982,0.583331164433329,8,TRUE,0.381342394111357,0.342396966538628,0.76948051948052,1,0.754594033292703,1
"mmu00660","C5-Branched dibasic acid metabolism",3,0.764151016900029,0.0768775947281929,0.565060988679585,6,0.341970482981433,0.407040731894648,0.638488091793299,8,TRUE,0.553060749940731,0.341970482981433,0,0,1,1
"mmu04721","Synaptic vesicle cycle",4,0.930020049998102,0.00717443742868205,0.208697343241286,6,0.334878626413292,0.417466419666147,0.638488091793299,8,TRUE,0.632449338205697,0.334878626413292,2.69318181818182,1,0.324502682101042,1
"mmu04714","Thermogenesis",4,0.479961875996187,0.33534001139645,0.833695732485506,6,0.333169434919275,0.419995928728789,0.638488091793299,8,TRUE,0.406565655457731,0.333169434919275,0,0,1,1
"mmu00380","Tryptophan metabolism",11,0.351277854191329,0.494756382742425,0.929261146718664,6,0.324447787228001,0.433003995413188,0.638488091793299,8,TRUE,0.337862820709665,0.324447787228001,0,0,1,1
"mmu00040","Pentose and glucuronate interconversions",6,0.321082747644684,0.534926751930255,0.929261146718664,6,0.532389231863284,0.174355549046278,0.520819330923092,8,TRUE,0.426735989753984,0.321082747644684,0,0,1,1
"mmu05032","Morphine addiction",4,0.314121880214063,0.544314784028794,0.929261146718664,6,0.342427396113589,0.406372914355272,0.638488091793299,8,TRUE,0.328274638163826,0.314121880214063,2.69318181818182,1,0.324502682101042,1
"mmu00020","Citrate cycle (TCA cycle)",6,0.443520799597254,0.378341444008801,0.849717999360622,6,0.312615102297374,0.450916176300704,0.63853757827341,8,TRUE,0.378067950947314,0.312615102297374,1.79545454545455,1,0.446291139631071,1
"mmu04540","Gap junction",4,0.56143702795054,0.246330172147328,0.692089758344729,6,0.310897746414523,0.453540709801675,0.63853757827341,8,TRUE,0.436167387182531,0.310897746414523,2.69318181818182,1,0.324502682101042,1
"mmu05146","Amoebiasis",4,0.308909877797664,0.551374094130688,0.929261146718664,6,0.471315941355619,0.238432993221206,0.566940672770423,8,TRUE,0.390112909576642,0.308909877797664,0,0,1,1
"mmu00730","Thiamine metabolism",4,0.766341775808039,0.0755158270324332,0.565060988679585,6,0.306686075662464,0.460003400822849,0.639225505039544,8,TRUE,0.536513925735251,0.306686075662464,2.69318181818182,1,0.324502682101042,1
"mmu00750","Vitamin B6 metabolism",6,0.841972996608111,0.0354856333596911,0.565060988679585,6,0.293219011598661,0.480914294096613,0.646423244722477,8,TRUE,0.567596004103386,0.293219011598661,3.59090909090909,2,0.0982455702563161,0.95566145612962
"mmu02010","ABC transporters",32,0.316647904791906,0.540902635695494,0.929261146718664,6,0.291692965346686,0.483307098857926,0.646423244722477,8,TRUE,0.304170435069296,0.291692965346686,0.336647727272727,1,0.965054294079734,1
"mmu00053","Ascorbate and aldarate metabolism",9,0.288934649423424,0.578658624997813,0.929261146718664,6,0.567743769247233,0.142113205340219,0.506870432380116,8,TRUE,0.428339209335328,0.288934649423424,0,0,1,1
"mmu04148","Efferocytosis",16,-0.278365801130764,0.593236235989179,0.929261146718664,6,-0.610681806154113,0.107800541709728,0.501506867953952,8,TRUE,0.444523803642438,0.278365801130764,1.34659090909091,2,0.45000034706686,1
"mmu05231","Choline metabolism in cancer",15,-0.276070312701883,0.596414855204682,0.929261146718664,6,-0.473307672167169,0.236178826154487,0.566940672770423,8,TRUE,0.374688992434526,0.276070312701883,0,0,1,1
"mmu05030","Cocaine addiction",5,0.265281862384212,0.611411741193721,0.929261146718664,6,0.318763554459038,0.441571203670132,0.638488091793299,8,TRUE,0.292022708421625,0.265281862384212,4.30909090909091,2,0.0693792315640971,0.762773337391502
"mmu05031","Amphetamine addiction",5,0.265281862384212,0.611411741193721,0.929261146718664,6,0.318763554459038,0.441571203670132,0.638488091793299,8,TRUE,0.292022708421625,0.265281862384212,4.30909090909091,2,0.0693792315640971,0.762773337391502
"mmu05034","Alcoholism",5,0.265281862384212,0.611411741193721,0.929261146718664,6,0.318763554459038,0.441571203670132,0.638488091793299,8,TRUE,0.292022708421625,0.265281862384212,4.30909090909091,2,0.0693792315640971,0.762773337391502
"mmu04724","Glutamatergic synapse",3,0.26312137459904,0.614426260453488,0.929261146718664,6,0.363504269569652,0.376089190861414,0.638488091793299,8,TRUE,0.313312822084346,0.26312137459904,3.59090909090909,1,0.254403903828509,1
"mmu04928","Parathyroid hormone synthesis, secretion and action",3,0.251865489081569,0.630190464243609,0.929261146718664,6,0.347004174036414,0.399709753864017,0.638488091793299,8,TRUE,0.299434831558991,0.251865489081569,0,0,1,1
"mmu05215","Prostate cancer",4,0.246893914047574,0.637184036300927,0.929261146718664,6,0.682052615881004,0.0624109486390637,0.473981327862591,8,TRUE,0.464473264964289,0.246893914047574,0,0,1,1
"mmu00330","Arginine and proline metabolism",13,-0.237716913836732,0.650141241143797,0.929261146718664,6,-0.623375603177958,0.098672764066359,0.501506867953952,8,TRUE,0.430546258507345,0.237716913836732,0.828671328671329,1,0.727866650780027,1
"mmu05230","Central carbon metabolism in cancer",18,0.217741509271817,0.678549447162898,0.929261146718664,6,0.568459357962822,0.141497778557789,0.506870432380116,8,TRUE,0.39310043361732,0.217741509271817,2.39393939393939,4,0.0712872277935984,0.762773337391502
"mmu00480","Glutathione metabolism",10,0.214258716966114,0.683529890348723,0.929261146718664,6,0.329456235428784,0.425513588557543,0.638488091793299,8,TRUE,0.271857476197449,0.214258716966114,1.07727272727273,1,0.629985694805242,1
"mmu00051","Fructose and mannose metabolism",4,0.448973555849353,0.371791094446113,0.849717999360622,6,0.198444431250663,0.637569760907867,0.78834393471516,8,TRUE,0.323708993550008,0.198444431250663,0,0,1,1
"mmu00360","Phenylalanine metabolism",5,0.229333497450726,0.662030519956436,0.929261146718664,6,0.196469327874504,0.640989928226345,0.78834393471516,8,TRUE,0.212901412662615,0.196469327874504,4.30909090909091,2,0.0693792315640971,0.762773337391502
"mmu04022","cGMP-PKG signaling pathway",3,0.195586271469704,0.710361570391566,0.929261146718664,6,0.482341926772654,0.226091667370469,0.566940672770423,8,TRUE,0.338964099121179,0.195586271469704,0,0,1,1
"mmu04740","Olfactory transduction",3,0.195586271469704,0.710361570391566,0.929261146718664,6,0.482341926772654,0.226091667370469,0.566940672770423,8,TRUE,0.338964099121179,0.195586271469704,0,0,1,1
"mmu00650","Butanoate metabolism",7,0.235309314510894,0.653550622314854,0.929261146718664,6,0.179788114088301,0.670091129513158,0.81476989611259,8,TRUE,0.207548714299597,0.179788114088301,0,0,1,1
"mmu00270","Cysteine and methionine metabolism",15,0.328895774064724,0.524445066484071,0.929261146718664,6,0.169550888764174,0.688132244580917,0.827305058091664,8,TRUE,0.249223331414449,0.169550888764174,1.43636363636364,2,0.415647675688006,1
"mmu04728","Dopaminergic synapse",4,0.167449440762623,0.75117342268185,0.929261146718664,6,0.237822163647757,0.570611992100464,0.726850989937496,8,TRUE,0.20263580220519,0.167449440762623,5.38636363636364,2,0.0441075690109091,0.762773337391502
"mmu00410","beta-Alanine metabolism",8,-0.166540165200453,0.752499300119354,0.929261146718664,6,-0.59520153507261,0.119558387899899,0.506870432380116,8,TRUE,0.380870850136531,0.166540165200453,0,0,1,1
"mmu04216","Ferroptosis",5,0.529883668223803,0.279563992028408,0.74783367867599,6,0.154020814648896,0.715745650567568,0.841591039678349,8,TRUE,0.34195224143635,0.154020814648896,0,0,1,1
"mmu04024","cAMP signaling pathway",9,-0.379304589274136,0.458328765607189,0.925305243773005,6,-0.122141493041777,0.773252223078812,0.880191360313116,8,TRUE,0.250723041157957,0.122141493041777,1.1969696969697,1,0.5904696039592,1
"mmu01523","Antifolate resistance",4,0.0975814870461371,0.854092362044034,0.961861662300673,6,0.384927988984093,0.346384235216069,0.638488091793299,8,TRUE,0.241254738015115,0.0975814870461371,0,0,1,1
"mmu00120","Primary bile acid biosynthesis",3,0.133045178900324,0.801609749311119,0.949918756097082,6,0.0889147309254263,0.834161476369114,0.90863286840087,8,TRUE,0.110979954912875,0.0889147309254263,0,0,1,1
"mmu00564","Glycerophospholipid metabolism",19,-0.0860753935589871,0.871205774811137,0.961861662300673,6,-0.295440198597518,0.477439895480637,0.646423244722477,8,TRUE,0.190757796078253,0.0860753935589871,0,0,1,1
"mmu00920","Sulfur metabolism",7,0.778340971242413,0.0682537314894804,0.565060988679585,6,0.0853751811390676,0.840697700669964,0.90863286840087,8,TRUE,0.43185807619074,0.0853751811390676,0,0,1,1
"mmu04917","Prolactin signaling pathway",4,0.0809721362279372,0.878807242031102,0.961861662300673,6,0.276457117987761,0.507448842403744,0.662158855331715,8,TRUE,0.178714627107849,0.0809721362279372,8.07954545454546,3,0.0026406860891288,0.282553411536782
"mmu00740","Riboflavin metabolism",5,-0.0735011803943075,0.88994677166137,0.961861662300673,6,-0.695990089612829,0.0552008969848889,0.454345844414085,8,TRUE,0.384745635003568,0.0735011803943075,0,0,1,1
"mmu00770","Pantothenate and CoA biosynthesis",8,0.0617545008483304,0.907486002777092,0.971010022971489,6,0.349426561360495,0.396202467015949,0.638488091793299,8,TRUE,0.205590531104412,0.0617545008483304,0,0,1,1
"mmu04922","Glucagon signaling pathway",6,0.03698911177792,0.944541636480735,0.981222865081929,6,0.109076166172279,0.797098580510361,0.89778471699588,8,TRUE,0.0730326389750993,0.03698911177792,1.79545454545455,1,0.446291139631071,1
"mmu00561","Glycerolipid metabolism",4,0.737329846245757,0.0944318708092924,0.565060988679585,6,0.0156096589796131,0.970736643405934,0.992906581835586,8,TRUE,0.376469752612685,0.0156096589796131,0,0,1,1
"mmu00470","D-Amino acid metabolism",15,0.0078816408870915,0.988177783474165,0.988177783474165,6,0.281165024362906,0.49994059593461,0.660415355123497,8,TRUE,0.144523332624999,0.0078816408870915,0.718181818181818,1,0.778804487407324,1
"mmu00340","Histidine metabolism",11,0.248999181329513,0.634220276368398,0.929261146718664,6,-0.460281611425605,0.251118291580512,0.583331164433329,8,FALSE,0.354640396377559,0.248999181329513,0.979338842975207,1,0.665846112048787,1
"mmu04977","Vitamin digestion and absorption",7,0.208423746167099,0.69189139224163,0.929261146718664,6,-0.201166189568255,0.632865805368616,0.78834393471516,8,FALSE,0.204794967867677,0.201166189568255,0,0,1,1
"mmu00061","Fatty acid biosynthesis",3,0.178651466372297,0.73487375148766,0.929261146718664,6,-0.443126659798588,0.271496401340387,0.583331164433329,8,FALSE,0.310889063085443,0.178651466372297,0,0,1,1
"mmu00350","Tyrosine metabolism",8,-0.170807259085309,0.746280772491561,0.929261146718664,6,0.259003518170769,0.53564968355944,0.690536339046507,8,FALSE,0.214905388628039,0.170807259085309,2.69318181818182,2,0.163590094150786,1
"mmu00430","Taurine and hypotaurine metabolism",7,0.164437119849543,0.755567474434802,0.929261146718664,6,-0.560020648241384,0.148849318424194,0.513770228109314,8,FALSE,0.362228884045464,0.164437119849543,0,0,1,1
"mmu00760","Nicotinate and nicotinamide metabolism",9,-0.183863291756918,0.727312876930132,0.929261146718664,6,0.155400155913523,0.713281711014204,0.841591039678349,8,FALSE,0.169631723835221,0.155400155913523,0,0,1,1
"mmu04978","Mineral absorption",9,-0.153490074824924,0.77157293968361,0.938162551660753,6,0.447046047316839,0.266770798860528,0.583331164433329,8,FALSE,0.300268061070881,0.153490074824924,1.1969696969697,1,0.5904696039592,1
"mmu00030","Pentose phosphate pathway",6,0.59476330895353,0.213051832241701,0.660122037864857,6,-0.141583820237836,0.738056734431501,0.849162049292157,8,FALSE,0.368173564595683,0.141583820237836,0,0,1,1
"mmu04072","Phospholipase D signaling pathway",5,0.138960183033441,0.792901381324945,0.949918756097082,6,-0.142697533902285,0.73605204970574,0.849162049292157,8,FALSE,0.140828858467863,0.138960183033441,2.15454545454545,1,0.388283544735279,1
"mmu00591","Linoleic acid metabolism",4,-0.126554151193161,0.811182215890647,0.949918756097082,6,0.440151476794248,0.275110979990846,0.583331164433329,8,FALSE,0.283352813993705,0.126554151193161,0,0,1,1
"mmu00860","Porphyrin metabolism",3,-0.110781141690743,0.834508066103979,0.949918756097082,6,0.345578018752998,0.401780918933814,0.638488091793299,8,FALSE,0.22817958022187,0.110781141690743,0,0,1,1
"mmu05143","African trypanosomiasis",3,-0.122527378246529,0.817128681847668,0.949918756097082,6,0.0955230391907498,0.82198083707168,0.90863286840087,8,FALSE,0.109025208718639,0.0955230391907498,0,0,1,1
"mmu00970","Aminoacyl-tRNA biosynthesis",15,-0.0757919657127753,0.886529741950993,0.961861662300673,6,0.503896720366349,0.202942799116728,0.55679178219205,8,FALSE,0.289844343039562,0.0757919657127753,1.43636363636364,2,0.415647675688006,1
"mmu04080","Neuroactive ligand-receptor interaction",15,0.232953301930891,0.65689091357856,0.929261146718664,6,-0.0729530775103934,0.863697538926713,0.924156366651583,8,FALSE,0.152953189720642,0.0729530775103934,2.15454545454545,3,0.151370193892264,1
"mmu04152","AMPK signaling pathway",4,0.702398264693902,0.119671373663402,0.565060988679585,6,-0.0619023363956897,0.884229282801197,0.936757755046812,8,FALSE,0.382150300544796,0.0619023363956897,0,0,1,1
"mmu00310","Lysine degradation",6,0.288378196157461,0.579423757233951,0.929261146718664,6,-0.0505902369951108,0.905305030414643,0.949682727983989,8,FALSE,0.169484216576286,0.0505902369951108,0,0,1,1
"mmu04974","Protein digestion and absorption",17,-0.0481243666883121,0.927869176893398,0.973913151648996,6,0.377282415973684,0.356857817055143,0.638488091793299,8,FALSE,0.212703391330998,0.0481243666883121,1.26737967914438,2,0.483327101562907,1
"mmu00620","Pyruvate metabolism",5,-0.0477675368001015,0.928403191291566,0.973913151648996,6,0.0869512246918629,0.837786334957655,0.90863286840087,8,FALSE,0.0673593807459822,0.0477675368001015,2.15454545454545,1,0.388283544735279,1
"mmu00260","Glycine, serine and threonine metabolism",11,0.307014592127844,0.553947396346475,0.929261146718664,6,-0.0241931508350229,0.954655539648706,0.991729541188462,8,FALSE,0.165603871481434,0.0241931508350229,0,0,1,1
"mmu04981","Folate transport and metabolism",6,-0.0160985165217115,0.975854311281187,0.988177783474165,6,0.628783861983595,0.0949238850031614,0.501506867953952,8,FALSE,0.322441189252653,0.0160985165217115,1.79545454545455,1,0.446291139631071,1
"mmu00052","Galactose metabolism",5,-0.0199535633522839,0.970073627174226,0.988177783474165,6,0.0132825830911701,0.9750980858071,0.992906581835586,8,FALSE,0.016618073221727,0.0132825830911701,2.15454545454545,1,0.388283544735279,1
"mmu04723","Retrograde endocannabinoid signaling",6,-0.00970161684232365,0.985448031301246,0.988177783474165,6,0.328659762437423,0.426701078972525,0.638488091793299,8,FALSE,0.169180689639873,0.00970161684232365,0,0,1,1
"mmu00630","Glyoxylate and dicarboxylate metabolism",14,0.386056702621884,0.449683848624634,0.925305243773005,6,-0.00459303937457879,0.991388172290408,0.992906581835586,8,FALSE,0.195324870998231,0.00459303937457879,1.53896103896104,2,0.38041067811524,1
"mmu04727","GABAergic synapse",6,-0.110820042391254,0.834450431415718,0.949918756097082,6,0.00378319245227447,0.992906581835586,0.992906581835586,8,FALSE,0.0573016174217644,0.00378319245227447,1.79545454545455,1,0.446291139631071,1
