"Category","TermID","Description","Count","SetSize","CandidateSize","BackgroundSize","GeneRatio","GeneRatioFraction","BgRatio","FoldEnrichment","Pvalue","OverlapEntrez","FDR","OverlapGenes"
"KEGG","mmu04610","Complement and coagulation cascades",7,42,34,3883,0.205882352941176,"7/34","42/3883",19.0343137254902,4.45898373854948e-08,"16644/13136/20701/20703/20700/20704/12279",1.40457987764308e-05,"Kng1/Cd55/Serpina1b/Serpina1d/Serpina1a/Serpina1e/C9"
"KEGG","mmu00140","Steroid hormone biosynthesis",2,13,34,3883,0.0588235294117647,"2/34","13/3883",17.5701357466063,0.00546510548524715,"192970/94284",0.772526904164578,"Dhrs11/Ugt1a6a"
"KEGG","mmu04080","Neuroactive ligand-receptor interaction",4,90,34,3883,0.117647058823529,"4/34","90/3883",5.07581699346405,0.00735739908728169,"16644/22353/11540/20606",0.772526904164578,"Kng1/Vip/Adora2a/Sstr2"
"KEGG","mmu04640","Hematopoietic cell lineage",2,21,34,3883,0.0588235294117647,"2/34","21/3883",10.8767507002801,0.0140836021317007,"14999/13136",1,"H2-DMb1/Cd55"
"KEGG","mmu05322","Systemic lupus erythematosus",2,24,34,3883,0.0588235294117647,"2/34","24/3883",9.5171568627451,0.0182093967207111,"14999/12279",1,"H2-DMb1/C9"
"KEGG","mmu05416","Viral myocarditis",2,33,34,3883,0.0588235294117647,"2/34","33/3883",6.92156862745098,0.0331714888811159,"14999/13136",1,"H2-DMb1/Cd55"
"KEGG","mmu04081","Hormone signaling",3,82,34,3883,0.0882352941176471,"3/34","82/3883",4.17826398852224,0.0339445852427566,"14709/22353/20606",1,"Gng8/Vip/Sstr2"
"KEGG","mmu04071","Sphingolipid signaling pathway",3,88,34,3883,0.0882352941176471,"3/34","88/3883",3.89338235294118,0.0405992355542728,"16644/20773/54447",1,"Kng1/Sptlc2/Asah2"
"KEGG","mmu00600","Sphingolipid metabolism",2,37,34,3883,0.0588235294117647,"2/34","37/3883",6.17329093799682,0.0409441471269403,"20773/54447",1,"Sptlc2/Asah2"
"KEGG","mmu01240","Biosynthesis of cofactors",3,95,34,3883,0.0882352941176471,"3/34","95/3883",3.60650154798762,0.0491427627664138,"227683/66454/94284",1,"Coq4/Nmnat1/Ugt1a6a"
"KEGG","mmu04024","cAMP signaling pathway",3,116,34,3883,0.0882352941176471,"3/34","116/3883",2.95360040567951,0.0795660126661336,"22353/11540/20606",1,"Vip/Adora2a/Sstr2"
"KEGG","mmu00830","Retinol metabolism",1,10,34,3883,0.0294117647058824,"1/34","10/3883",11.4205882352941,0.0842842722006328,"94284",1,"Ugt1a6a"
"KEGG","mmu03440","Homologous recombination",1,10,34,3883,0.0294117647058824,"1/34","10/3883",11.4205882352941,0.0842842722006328,"18971",1,"Pold1"
"KEGG","mmu03030","DNA replication",1,11,34,3883,0.0294117647058824,"1/34","11/3883",10.3823529411765,0.0923230882980197,"18971",1,"Pold1"
"KEGG","mmu04940","Type I diabetes mellitus",1,11,34,3883,0.0294117647058824,"1/34","11/3883",10.3823529411765,0.0923230882980197,"14999",1,"H2-DMb1"
"KEGG","mmu03430","Mismatch repair",1,12,34,3883,0.0294117647058824,"1/34","12/3883",9.5171568627451,0.100293391758213,"18971",1,"Pold1"
"KEGG","mmu00511","Other glycan degradation",1,15,34,3883,0.0294117647058824,"1/34","15/3883",7.61372549019608,0.123798867331026,"238023",1,"Hexd"
"KEGG","mmu05164","Influenza A",2,70,34,3883,0.0588235294117647,"2/34","70/3883",3.26302521008403,0.124390644630289,"14999/11783",1,"H2-DMb1/Apaf1"
"KEGG","mmu00040","Pentose and glucuronate interconversions",1,16,34,3883,0.0294117647058824,"1/34","16/3883",7.13786764705882,0.131500738714362,"94284",1,"Ugt1a6a"
"KEGG","mmu05143","African trypanosomiasis",1,16,34,3883,0.0294117647058824,"1/34","16/3883",7.13786764705882,0.131500738714362,"16644",1,"Kng1"
"KEGG","mmu05152","Tuberculosis",2,76,34,3883,0.0588235294117647,"2/34","76/3883",3.00541795665635,0.142201579511985,"14999/11783",1,"H2-DMb1/Apaf1"
"KEGG","mmu03410","Base excision repair",1,18,34,3883,0.0294117647058824,"1/34","18/3883",6.34477124183007,0.146707848045142,"18971",1,"Pold1"
"KEGG","mmu05034","Alcoholism",2,78,34,3883,0.0588235294117647,"2/34","78/3883",2.92835595776772,0.148259513996244,"14709/11540",1,"Gng8/Adora2a"
"KEGG","mmu05168","Herpes simplex virus 1 infection",2,79,34,3883,0.0588235294117647,"2/34","79/3883",2.89128816083395,0.151309055563146,"14999/11783",1,"H2-DMb1/Apaf1"
"KEGG","mmu05150","Staphylococcus aureus infection",1,19,34,3883,0.0294117647058824,"1/34","19/3883",6.01083591331269,0.154214169692351,"14999",1,"H2-DMb1"
"KEGG","mmu05204","Chemical carcinogenesis - DNA adducts",1,19,34,3883,0.0294117647058824,"1/34","19/3883",6.01083591331269,0.154214169692351,"94284",1,"Ugt1a6a"
"KEGG","mmu05323","Rheumatoid arthritis",1,19,34,3883,0.0294117647058824,"1/34","19/3883",6.01083591331269,0.154214169692351,"14999",1,"H2-DMb1"
"KEGG","mmu00760","Nicotinate and nicotinamide metabolism",1,20,34,3883,0.0294117647058824,"1/34","20/3883",5.71029411764706,0.161656384555307,"66454",1,"Nmnat1"
"KEGG","mmu04115","p53 signaling pathway",1,20,34,3883,0.0294117647058824,"1/34","20/3883",5.71029411764706,0.161656384555307,"11783",1,"Apaf1"
"KEGG","mmu04215","Apoptosis - multiple species",1,20,34,3883,0.0294117647058824,"1/34","20/3883",5.71029411764706,0.161656384555307,"11783",1,"Apaf1"
"KEGG","mmu05169","Epstein-Barr virus infection",2,85,34,3883,0.0588235294117647,"2/34","85/3883",2.68719723183391,0.169866412828929,"14999/11783",1,"H2-DMb1/Apaf1"
"KEGG","mmu00982","Drug metabolism - cytochrome P450",1,22,34,3883,0.0294117647058824,"1/34","22/3883",5.19117647058823,0.176350613835731,"94284",1,"Ugt1a6a"
"KEGG","mmu04022","cGMP-PKG signaling pathway",2,89,34,3883,0.0588235294117647,"2/34","89/3883",2.566424322538,0.182454676893593,"16644/22068",1,"Kng1/Trpc6"
"KEGG","mmu00513","Various types of N-glycan biosynthesis",1,23,34,3883,0.0294117647058824,"1/34","23/3883",4.96547314578005,0.183603677583357,"238023",1,"Hexd"
"KEGG","mmu00860","Porphyrin metabolism",1,23,34,3883,0.0294117647058824,"1/34","23/3883",4.96547314578005,0.183603677583357,"94284",1,"Ugt1a6a"
"KEGG","mmu04658","Th1 and Th2 cell differentiation",1,24,34,3883,0.0294117647058824,"1/34","24/3883",4.75857843137255,0.190794733273038,"14999",1,"H2-DMb1"
"KEGG","mmu00980","Metabolism of xenobiotics by cytochrome P450",1,25,34,3883,0.0294117647058824,"1/34","25/3883",4.56823529411765,0.19792429509442,"94284",1,"Ugt1a6a"
"KEGG","mmu05140","Leishmaniasis",1,25,34,3883,0.0294117647058824,"1/34","25/3883",4.56823529411765,0.19792429509442,"14999",1,"H2-DMb1"
"KEGG","mmu04612","Antigen processing and presentation",1,27,34,3883,0.0294117647058824,"1/34","27/3883",4.22984749455338,0.21200097326481,"14999",1,"H2-DMb1"
"KEGG","mmu03083","Polycomb repressive complex",1,28,34,3883,0.0294117647058824,"1/34","28/3883",4.07878151260504,0.218949097463201,"494448",1,"Cbx6"
"KEGG","mmu04082","Neuroactive ligand signaling",2,108,34,3883,0.0588235294117647,"2/34","108/3883",2.11492374727669,0.243814422676415,"14709/11540",1,"Gng8/Adora2a"
"KEGG","mmu05134","Legionellosis",1,32,34,3883,0.0294117647058824,"1/34","32/3883",3.56893382352941,0.246151731864988,"11783",1,"Apaf1"
"KEGG","mmu04659","Th17 cell differentiation",1,33,34,3883,0.0294117647058824,"1/34","33/3883",3.46078431372549,0.252807364458234,"14999",1,"H2-DMb1"
"KEGG","mmu04976","Bile secretion",1,34,34,3883,0.0294117647058824,"1/34","34/3883",3.35899653979239,0.259405948772109,"94284",1,"Ugt1a6a"
"KEGG","mmu04350","TGF-beta signaling pathway",1,36,34,3883,0.0294117647058824,"1/34","36/3883",3.17238562091503,0.272433865903636,"209268",1,"Igsf1"
"KEGG","mmu05200","Pathways in cancer",3,210,34,3883,0.0882352941176471,"3/34","210/3883",1.63151260504202,0.278225021950992,"16644/14709/11783",1,"Kng1/Gng8/Apaf1"
"KEGG","mmu03420","Nucleotide excision repair",1,37,34,3883,0.0294117647058824,"1/34","37/3883",3.08664546899841,0.278864135869656,"18971",1,"Pold1"
"KEGG","mmu00983","Drug metabolism - other enzymes",1,39,34,3883,0.0294117647058824,"1/34","39/3883",2.92835595776772,0.291559613216695,"94284",1,"Ugt1a6a"
"KEGG","mmu01524","Platinum drug resistance",1,41,34,3883,0.0294117647058824,"1/34","41/3883",2.78550932568149,0.304038049862441,"11783",1,"Apaf1"
"KEGG","mmu03008","Ribosome biogenesis in eukaryotes",1,41,34,3883,0.0294117647058824,"1/34","41/3883",2.78550932568149,0.304038049862441,"230082",1,"Nol6"
"KEGG","mmu05222","Small cell lung cancer",1,41,34,3883,0.0294117647058824,"1/34","41/3883",2.78550932568149,0.304038049862441,"11783",1,"Apaf1"
"KEGG","mmu05146","Amoebiasis",1,45,34,3883,0.0294117647058824,"1/34","45/3883",2.53790849673203,0.328358142916326,"12279",1,"C9"
"KEGG","mmu04971","Gastric acid secretion",1,46,34,3883,0.0294117647058824,"1/34","46/3883",2.48273657289003,0.334308070780017,"20606",1,"Sstr2"
"KEGG","mmu04750","Inflammatory mediator regulation of TRP channels",1,48,34,3883,0.0294117647058824,"1/34","48/3883",2.37928921568627,0.34605483687431,"16644",1,"Kng1"
"KEGG","mmu04382","Cornified envelope formation",1,49,34,3883,0.0294117647058824,"1/34","49/3883",2.33073229291717,0.351852525413104,"20773",1,"Sptlc2"
"KEGG","mmu05142","Chagas disease",1,51,34,3883,0.0294117647058824,"1/34","51/3883",2.23933102652826,0.363298613526348,"16644",1,"Kng1"
"KEGG","mmu05145","Toxoplasmosis",1,52,34,3883,0.0294117647058824,"1/34","52/3883",2.19626696832579,0.368947842947044,"14999",1,"H2-DMb1"
"KEGG","mmu05412","Arrhythmogenic right ventricular cardiomyopathy",1,54,34,3883,0.0294117647058824,"1/34","54/3883",2.11492374727669,0.380100722013356,"11472",1,"Actn2"
"KEGG","mmu04810","Regulation of actin cytoskeleton",2,150,34,3883,0.0588235294117647,"2/34","150/3883",1.52274509803922,0.38052297656945,"16644/12279",1,"Kng1/C9"
"KEGG","mmu05162","Measles",1,57,34,3883,0.0294117647058824,"1/34","57/3883",2.00361197110423,0.39647214060095,"11783",1,"Apaf1"
"KEGG","mmu04146","Peroxisome",1,61,34,3883,0.0294117647058824,"1/34","61/3883",1.87222757955641,0.417649216838578,"93734",1,"Mpv17l"
"KEGG","mmu04142","Lysosome biogenesis",2,168,34,3883,0.0588235294117647,"2/34","168/3883",1.35959383753501,0.43659454826967,"52187/94245",1,"Rragd/Dtnbp1"
"KEGG","mmu04726","Serotonergic synapse",1,65,34,3883,0.0294117647058824,"1/34","65/3883",1.75701357466063,0.438104322660763,"14709",1,"Gng8"
"KEGG","mmu04270","Vascular smooth muscle contraction",1,66,34,3883,0.0294117647058824,"1/34","66/3883",1.73039215686274,0.443108108158283,"11540",1,"Adora2a"
"KEGG","mmu04713","Circadian entrainment",1,66,34,3883,0.0294117647058824,"1/34","66/3883",1.73039215686274,0.443108108158283,"14709",1,"Gng8"
"KEGG","mmu04727","GABAergic synapse",1,69,34,3883,0.0294117647058824,"1/34","69/3883",1.65515771526002,0.457861350425312,"14709",1,"Gng8"
"KEGG","mmu04935","Growth hormone synthesis, secretion and action",1,69,34,3883,0.0294117647058824,"1/34","69/3883",1.65515771526002,0.457861350425312,"20606",1,"Sstr2"
"KEGG","mmu05032","Morphine addiction",1,69,34,3883,0.0294117647058824,"1/34","69/3883",1.65515771526002,0.457861350425312,"14709",1,"Gng8"
"KEGG","mmu04210","Apoptosis",1,70,34,3883,0.0294117647058824,"1/34","70/3883",1.63151260504202,0.46269425920495,"11783",1,"Apaf1"
"KEGG","mmu05160","Hepatitis C",1,70,34,3883,0.0294117647058824,"1/34","70/3883",1.63151260504202,0.46269425920495,"11783",1,"Apaf1"
"KEGG","mmu04217","Necroptosis",1,71,34,3883,0.0294117647058824,"1/34","71/3883",1.60853355426678,0.467485341079335,"106025",1,"Sharpin"
"KEGG","mmu04926","Relaxin signaling pathway",1,72,34,3883,0.0294117647058824,"1/34","72/3883",1.58619281045752,0.472234947166246,"14709",1,"Gng8"
"KEGG","mmu04514","Cell adhesion molecule (CAM) interaction",1,75,34,3883,0.0294117647058824,"1/34","75/3883",1.52274509803922,0.486238379172953,"14999",1,"H2-DMb1"
"KEGG","mmu04725","Cholinergic synapse",1,76,34,3883,0.0294117647058824,"1/34","76/3883",1.50270897832817,0.490825536501766,"14709",1,"Gng8"
"KEGG","mmu04919","Thyroid hormone signaling pathway",1,76,34,3883,0.0294117647058824,"1/34","76/3883",1.50270897832817,0.490825536501766,"26896",1,"Med14"
"KEGG","mmu05161","Hepatitis B",1,76,34,3883,0.0294117647058824,"1/34","76/3883",1.50270897832817,0.490825536501766,"11783",1,"Apaf1"
"KEGG","mmu04621","NOD-like receptor signaling pathway",1,78,34,3883,0.0294117647058824,"1/34","78/3883",1.46417797888386,0.499880897695179,"106025",1,"Sharpin"
"KEGG","mmu05207","Chemical carcinogenesis - receptor activation",1,86,34,3883,0.0294117647058824,"1/34","86/3883",1.32797537619699,0.534564440169532,"94284",1,"Ugt1a6a"
"KEGG","mmu05012","Parkinson disease",2,202,34,3883,0.0588235294117647,"2/34","202/3883",1.13075131042516,0.534972587615694,"11540/11783",1,"Adora2a/Apaf1"
"KEGG","mmu04371","Apelin signaling pathway",1,87,34,3883,0.0294117647058824,"1/34","87/3883",1.31271129141312,0.538732153899908,"14709",1,"Gng8"
"KEGG","mmu05020","Prion disease",2,206,34,3883,0.0588235294117647,"2/34","206/3883",1.1087949743004,0.54580153671913,"11783/12279",1,"Apaf1/C9"
"KEGG","mmu05167","Kaposi sarcoma-associated herpesvirus infection",1,89,34,3883,0.0294117647058824,"1/34","89/3883",1.283212161269,0.546959192544099,"14709",1,"Gng8"
"KEGG","mmu04724","Glutamatergic synapse",1,92,34,3883,0.0294117647058824,"1/34","92/3883",1.24136828644501,0.559033323776495,"14709",1,"Gng8"
"KEGG","mmu04728","Dopaminergic synapse",1,92,34,3883,0.0294117647058824,"1/34","92/3883",1.24136828644501,0.559033323776495,"14709",1,"Gng8"
"KEGG","mmu05166","Human T-cell leukemia virus 1 infection",1,96,34,3883,0.0294117647058824,"1/34","96/3883",1.18964460784314,0.574647304386773,"14999",1,"H2-DMb1"
"KEGG","mmu04150","mTOR signaling pathway",1,98,34,3883,0.0294117647058824,"1/34","98/3883",1.16536614645858,0.582251721579,"52187",1,"Rragd"
"KEGG","mmu04062","Chemokine signaling pathway",1,100,34,3883,0.0294117647058824,"1/34","100/3883",1.14205882352941,0.58972411674691,"14709",1,"Gng8"
"KEGG","mmu05417","Lipid and atherosclerosis",1,101,34,3883,0.0294117647058824,"1/34","101/3883",1.13075131042516,0.593411502427746,"11783",1,"Apaf1"
"KEGG","mmu04530","Tight junction",1,107,34,3883,0.0294117647058824,"1/34","107/3883",1.0673446948873,0.614869606154052,"56449",1,"Ybx3"
"KEGG","mmu04020","Calcium signaling pathway",1,108,34,3883,0.0294117647058824,"1/34","108/3883",1.05746187363834,0.618337411607114,"11540",1,"Adora2a"
"KEGG","mmu04015","Rap1 signaling pathway",1,111,34,3883,0.0294117647058824,"1/34","111/3883",1.02888182299947,0.62855996646792,"11540",1,"Adora2a"
"KEGG","mmu04820","Cytoskeleton in muscle cells",1,117,34,3883,0.0294117647058824,"1/34","117/3883",0.976118652589241,0.648213909542467,"11472",1,"Actn2"
"KEGG","mmu05163","Human cytomegalovirus infection",1,117,34,3883,0.0294117647058824,"1/34","117/3883",0.976118652589241,0.648213909542467,"14709",1,"Gng8"
"KEGG","mmu05170","Human immunodeficiency virus 1 infection",1,119,34,3883,0.0294117647058824,"1/34","119/3883",0.959713297083539,0.654538025074353,"14709",1,"Gng8"
"KEGG","mmu04360","Axon guidance",1,120,34,3883,0.0294117647058824,"1/34","120/3883",0.95171568627451,0.65765856363638,"22068",1,"Trpc6"
"KEGG","mmu04723","Retrograde endocannabinoid signaling",1,120,34,3883,0.0294117647058824,"1/34","120/3883",0.95171568627451,0.65765856363638,"14709",1,"Gng8"
"KEGG","mmu04014","Ras signaling pathway",1,121,34,3883,0.0294117647058824,"1/34","121/3883",0.943850267379679,0.660751736327415,"14709",1,"Gng8"
"KEGG","mmu04140","Autophagy - animal",1,128,34,3883,0.0294117647058824,"1/34","128/3883",0.892233455882353,0.681657014230038,"52187",1,"Rragd"
"KEGG","mmu05171","Coronavirus disease",1,135,34,3883,0.0294117647058824,"1/34","135/3883",0.845969498910675,0.701309666750428,"12279",1,"C9"
"KEGG","mmu04145","Phagocytosis",1,142,34,3883,0.0294117647058824,"1/34","142/3883",0.804266777133389,0.719782608722493,"14999",1,"H2-DMb1"
"KEGG","mmu04151","PI3K-Akt signaling pathway",1,145,34,3883,0.0294117647058824,"1/34","145/3883",0.78762677484787,0.727355636716376,"14709",1,"Gng8"
"KEGG","mmu04144","Endocytosis",1,194,34,3883,0.0294117647058824,"1/34","194/3883",0.588690115221346,0.826266446119923,"11842",1,"Arf3"
"KEGG","mmu04517","IgSF CAM signaling",1,215,34,3883,0.0294117647058824,"1/34","215/3883",0.531190150478796,0.857042773661436,"22068",1,"Trpc6"
"KEGG","mmu05016","Huntington disease",1,232,34,3883,0.0294117647058824,"1/34","232/3883",0.492266734279919,0.878016768849794,"11783",1,"Apaf1"
"KEGG","mmu05010","Alzheimer disease",1,259,34,3883,0.0294117647058824,"1/34","259/3883",0.440949352714059,0.905333572492027,"11783",1,"Apaf1"
"KEGG","mmu05014","Amyotrophic lateral sclerosis",1,274,34,3883,0.0294117647058824,"1/34","274/3883",0.416809789609274,0.917838115738869,"11783",1,"Apaf1"
"KEGG","mmu05022","Pathways of neurodegeneration - multiple diseases",1,323,34,3883,0.0294117647058824,"1/34","323/3883",0.353578583136041,0.948491214831978,"11783",1,"Apaf1"
"KEGG","mmu00010","Glycolysis / Gluconeogenesis",0,40,34,3883,0,"0/34","40/3883",0,1,"",1,""
"KEGG","mmu00020","Citrate cycle (TCA cycle)",0,26,34,3883,0,"0/34","26/3883",0,1,"",1,""
"KEGG","mmu00030","Pentose phosphate pathway",0,18,34,3883,0,"0/34","18/3883",0,1,"",1,""
"KEGG","mmu00051","Fructose and mannose metabolism",0,24,34,3883,0,"0/34","24/3883",0,1,"",1,""
"KEGG","mmu00052","Galactose metabolism",0,19,34,3883,0,"0/34","19/3883",0,1,"",1,""
"KEGG","mmu00061","Fatty acid biosynthesis",0,14,34,3883,0,"0/34","14/3883",0,1,"",1,""
"KEGG","mmu00062","Fatty acid elongation",0,18,34,3883,0,"0/34","18/3883",0,1,"",1,""
"KEGG","mmu00071","Fatty acid degradation",0,33,34,3883,0,"0/34","33/3883",0,1,"",1,""
"KEGG","mmu00100","Steroid biosynthesis",0,14,34,3883,0,"0/34","14/3883",0,1,"",1,""
"KEGG","mmu00190","Oxidative phosphorylation",0,107,34,3883,0,"0/34","107/3883",0,1,"",1,""
"KEGG","mmu00220","Arginine biosynthesis",0,14,34,3883,0,"0/34","14/3883",0,1,"",1,""
"KEGG","mmu00230","Purine metabolism",0,87,34,3883,0,"0/34","87/3883",0,1,"",1,""
"KEGG","mmu00240","Pyrimidine metabolism",0,37,34,3883,0,"0/34","37/3883",0,1,"",1,""
"KEGG","mmu00250","Alanine, aspartate and glutamate metabolism",0,27,34,3883,0,"0/34","27/3883",0,1,"",1,""
"KEGG","mmu00260","Glycine, serine and threonine metabolism",0,24,34,3883,0,"0/34","24/3883",0,1,"",1,""
"KEGG","mmu00270","Cysteine and methionine metabolism",0,36,34,3883,0,"0/34","36/3883",0,1,"",1,""
"KEGG","mmu00280","Valine, leucine and isoleucine degradation",0,42,34,3883,0,"0/34","42/3883",0,1,"",1,""
"KEGG","mmu00310","Lysine degradation",0,29,34,3883,0,"0/34","29/3883",0,1,"",1,""
"KEGG","mmu00330","Arginine and proline metabolism",0,30,34,3883,0,"0/34","30/3883",0,1,"",1,""
"KEGG","mmu00340","Histidine metabolism",0,11,34,3883,0,"0/34","11/3883",0,1,"",1,""
"KEGG","mmu00350","Tyrosine metabolism",0,15,34,3883,0,"0/34","15/3883",0,1,"",1,""
"KEGG","mmu00380","Tryptophan metabolism",0,21,34,3883,0,"0/34","21/3883",0,1,"",1,""
"KEGG","mmu00410","beta-Alanine metabolism",0,22,34,3883,0,"0/34","22/3883",0,1,"",1,""
"KEGG","mmu00450","Selenocompound metabolism",0,15,34,3883,0,"0/34","15/3883",0,1,"",1,""
"KEGG","mmu00480","Glutathione metabolism",0,42,34,3883,0,"0/34","42/3883",0,1,"",1,""
"KEGG","mmu00500","Starch and sucrose metabolism",0,16,34,3883,0,"0/34","16/3883",0,1,"",1,""
"KEGG","mmu00510","N-Glycan biosynthesis",0,31,34,3883,0,"0/34","31/3883",0,1,"",1,""
"KEGG","mmu00514","Other types of O-glycan biosynthesis",0,15,34,3883,0,"0/34","15/3883",0,1,"",1,""
"KEGG","mmu00520","Amino sugar and nucleotide sugar metabolism",0,30,34,3883,0,"0/34","30/3883",0,1,"",1,""
"KEGG","mmu00541","Biosynthesis of various nucleotide sugars",0,16,34,3883,0,"0/34","16/3883",0,1,"",1,""
"KEGG","mmu00561","Glycerolipid metabolism",0,38,34,3883,0,"0/34","38/3883",0,1,"",1,""
"KEGG","mmu00562","Inositol phosphate metabolism",0,54,34,3883,0,"0/34","54/3883",0,1,"",1,""
"KEGG","mmu00563","Glycosylphosphatidylinositol (GPI)-anchor biosynthesis",0,10,34,3883,0,"0/34","10/3883",0,1,"",1,""
"KEGG","mmu00564","Glycerophospholipid metabolism",0,66,34,3883,0,"0/34","66/3883",0,1,"",1,""
"KEGG","mmu00565","Ether lipid metabolism",0,22,34,3883,0,"0/34","22/3883",0,1,"",1,""
"KEGG","mmu00590","Arachidonic acid metabolism",0,19,34,3883,0,"0/34","19/3883",0,1,"",1,""
"KEGG","mmu00620","Pyruvate metabolism",0,34,34,3883,0,"0/34","34/3883",0,1,"",1,""
"KEGG","mmu00630","Glyoxylate and dicarboxylate metabolism",0,22,34,3883,0,"0/34","22/3883",0,1,"",1,""
"KEGG","mmu00640","Propanoate metabolism",0,26,34,3883,0,"0/34","26/3883",0,1,"",1,""
"KEGG","mmu00650","Butanoate metabolism",0,17,34,3883,0,"0/34","17/3883",0,1,"",1,""
"KEGG","mmu00670","One carbon pool by folate",0,22,34,3883,0,"0/34","22/3883",0,1,"",1,""
"KEGG","mmu00770","Pantothenate and CoA biosynthesis",0,15,34,3883,0,"0/34","15/3883",0,1,"",1,""
"KEGG","mmu00785","Lipoic acid metabolism",0,15,34,3883,0,"0/34","15/3883",0,1,"",1,""
"KEGG","mmu00790","Folate biosynthesis",0,15,34,3883,0,"0/34","15/3883",0,1,"",1,""
"KEGG","mmu00900","Terpenoid backbone biosynthesis",0,17,34,3883,0,"0/34","17/3883",0,1,"",1,""
"KEGG","mmu00920","Sulfur metabolism",0,10,34,3883,0,"0/34","10/3883",0,1,"",1,""
"KEGG","mmu00970","Aminoacyl-tRNA biosynthesis",0,43,34,3883,0,"0/34","43/3883",0,1,"",1,""
"KEGG","mmu01040","Biosynthesis of unsaturated fatty acids",0,16,34,3883,0,"0/34","16/3883",0,1,"",1,""
"KEGG","mmu01200","Carbon metabolism",0,85,34,3883,0,"0/34","85/3883",0,1,"",1,""
"KEGG","mmu01210","2-Oxocarboxylic acid metabolism",0,23,34,3883,0,"0/34","23/3883",0,1,"",1,""
"KEGG","mmu01212","Fatty acid metabolism",0,43,34,3883,0,"0/34","43/3883",0,1,"",1,""
"KEGG","mmu01230","Biosynthesis of amino acids",0,53,34,3883,0,"0/34","53/3883",0,1,"",1,""
"KEGG","mmu01232","Nucleotide metabolism",0,58,34,3883,0,"0/34","58/3883",0,1,"",1,""
"KEGG","mmu01250","Biosynthesis of nucleotide sugars",0,29,34,3883,0,"0/34","29/3883",0,1,"",1,""
"KEGG","mmu01521","EGFR tyrosine kinase inhibitor resistance",0,48,34,3883,0,"0/34","48/3883",0,1,"",1,""
"KEGG","mmu01522","Endocrine resistance",0,50,34,3883,0,"0/34","50/3883",0,1,"",1,""
"KEGG","mmu01523","Antifolate resistance",0,12,34,3883,0,"0/34","12/3883",0,1,"",1,""
"KEGG","mmu02010","ABC transporters",0,23,34,3883,0,"0/34","23/3883",0,1,"",1,""
"KEGG","mmu03010","Ribosome",0,160,34,3883,0,"0/34","160/3883",0,1,"",1,""
"KEGG","mmu03013","Nucleocytoplasmic transport",0,83,34,3883,0,"0/34","83/3883",0,1,"",1,""
"KEGG","mmu03015","mRNA surveillance pathway",0,68,34,3883,0,"0/34","68/3883",0,1,"",1,""
"KEGG","mmu03018","RNA degradation",0,55,34,3883,0,"0/34","55/3883",0,1,"",1,""
"KEGG","mmu03020","RNA polymerase",0,15,34,3883,0,"0/34","15/3883",0,1,"",1,""
"KEGG","mmu03022","Basal transcription factors",0,17,34,3883,0,"0/34","17/3883",0,1,"",1,""
"KEGG","mmu03040","Spliceosome",0,125,34,3883,0,"0/34","125/3883",0,1,"",1,""
"KEGG","mmu03050","Proteasome",0,41,34,3883,0,"0/34","41/3883",0,1,"",1,""
"KEGG","mmu03060","Protein export",0,26,34,3883,0,"0/34","26/3883",0,1,"",1,""
"KEGG","mmu03082","ATP-dependent chromatin remodeling",0,56,34,3883,0,"0/34","56/3883",0,1,"",1,""
"KEGG","mmu03250","Viral life cycle - HIV-1",0,38,34,3883,0,"0/34","38/3883",0,1,"",1,""
"KEGG","mmu03272","Virion - Hepatitis viruses",0,25,34,3883,0,"0/34","25/3883",0,1,"",1,""
"KEGG","mmu03320","PPAR signaling pathway",0,37,34,3883,0,"0/34","37/3883",0,1,"",1,""
"KEGG","mmu03460","Fanconi anemia pathway",0,10,34,3883,0,"0/34","10/3883",0,1,"",1,""
"KEGG","mmu04010","MAPK signaling pathway",0,146,34,3883,0,"0/34","146/3883",0,1,"",1,""
"KEGG","mmu04012","ErbB signaling pathway",0,61,34,3883,0,"0/34","61/3883",0,1,"",1,""
"KEGG","mmu04060","Cytokine-cytokine receptor interaction",0,20,34,3883,0,"0/34","20/3883",0,1,"",1,""
"KEGG","mmu04064","NF-kappa B signaling pathway",0,29,34,3883,0,"0/34","29/3883",0,1,"",1,""
"KEGG","mmu04066","HIF-1 signaling pathway",0,61,34,3883,0,"0/34","61/3883",0,1,"",1,""
"KEGG","mmu04068","FoxO signaling pathway",0,68,34,3883,0,"0/34","68/3883",0,1,"",1,""
"KEGG","mmu04070","Phosphatidylinositol signaling system",0,66,34,3883,0,"0/34","66/3883",0,1,"",1,""
"KEGG","mmu04072","Phospholipase D signaling pathway",0,95,34,3883,0,"0/34","95/3883",0,1,"",1,""
"KEGG","mmu04110","Cell cycle",0,56,34,3883,0,"0/34","56/3883",0,1,"",1,""
"KEGG","mmu04114","Oocyte meiosis",0,69,34,3883,0,"0/34","69/3883",0,1,"",1,""
"KEGG","mmu04120","Ubiquitin mediated proteolysis",0,87,34,3883,0,"0/34","87/3883",0,1,"",1,""
"KEGG","mmu04130","SNARE interactions in vesicular transport",0,29,34,3883,0,"0/34","29/3883",0,1,"",1,""
"KEGG","mmu04136","Autophagy - other",0,27,34,3883,0,"0/34","27/3883",0,1,"",1,""
"KEGG","mmu04137","Mitophagy - animal",0,70,34,3883,0,"0/34","70/3883",0,1,"",1,""
"KEGG","mmu04141","Protein processing in endoplasmic reticulum",0,133,34,3883,0,"0/34","133/3883",0,1,"",1,""
"KEGG","mmu04148","Efferocytosis",0,89,34,3883,0,"0/34","89/3883",0,1,"",1,""
"KEGG","mmu04152","AMPK signaling pathway",0,71,34,3883,0,"0/34","71/3883",0,1,"",1,""
"KEGG","mmu04156","Integrated stress response (ISR) signaling pathway",0,29,34,3883,0,"0/34","29/3883",0,1,"",1,""
"KEGG","mmu04211","Longevity regulating pathway",0,57,34,3883,0,"0/34","57/3883",0,1,"",1,""
"KEGG","mmu04213","Longevity regulating pathway - multiple species",0,46,34,3883,0,"0/34","46/3883",0,1,"",1,""
"KEGG","mmu04216","Ferroptosis",0,30,34,3883,0,"0/34","30/3883",0,1,"",1,""
"KEGG","mmu04218","Cellular senescence",0,57,34,3883,0,"0/34","57/3883",0,1,"",1,""
"KEGG","mmu04260","Cardiac muscle contraction",0,62,34,3883,0,"0/34","62/3883",0,1,"",1,""
"KEGG","mmu04261","Adrenergic signaling in cardiomyocytes",0,93,34,3883,0,"0/34","93/3883",0,1,"",1,""
"KEGG","mmu04310","Wnt signaling pathway",0,71,34,3883,0,"0/34","71/3883",0,1,"",1,""
"KEGG","mmu04330","Notch signaling pathway",0,22,34,3883,0,"0/34","22/3883",0,1,"",1,""
"KEGG","mmu04340","Hedgehog signaling pathway",0,21,34,3883,0,"0/34","21/3883",0,1,"",1,""
"KEGG","mmu04370","VEGF signaling pathway",0,39,34,3883,0,"0/34","39/3883",0,1,"",1,""
"KEGG","mmu04380","Osteoclast differentiation",0,52,34,3883,0,"0/34","52/3883",0,1,"",1,""
"KEGG","mmu04390","Hippo signaling pathway",0,64,34,3883,0,"0/34","64/3883",0,1,"",1,""
"KEGG","mmu04510","Focal adhesion",0,118,34,3883,0,"0/34","118/3883",0,1,"",1,""
"KEGG","mmu04512","ECM-receptor interaction",0,38,34,3883,0,"0/34","38/3883",0,1,"",1,""
"KEGG","mmu04518","Integrin signaling",0,74,34,3883,0,"0/34","74/3883",0,1,"",1,""
"KEGG","mmu04519","Cadherin signaling",0,159,34,3883,0,"0/34","159/3883",0,1,"",1,""
"KEGG","mmu04520","Adherens junction",0,66,34,3883,0,"0/34","66/3883",0,1,"",1,""
"KEGG","mmu04540","Gap junction",0,61,34,3883,0,"0/34","61/3883",0,1,"",1,""
"KEGG","mmu04550","Signaling pathways regulating pluripotency of stem cells",0,46,34,3883,0,"0/34","46/3883",0,1,"",1,""
"KEGG","mmu04611","Platelet activation",0,77,34,3883,0,"0/34","77/3883",0,1,"",1,""
"KEGG","mmu04613","Neutrophil extracellular trap formation",0,64,34,3883,0,"0/34","64/3883",0,1,"",1,""
"KEGG","mmu04614","Renin-angiotensin system",0,13,34,3883,0,"0/34","13/3883",0,1,"",1,""
"KEGG","mmu04620","Toll-like receptor signaling pathway",0,37,34,3883,0,"0/34","37/3883",0,1,"",1,""
"KEGG","mmu04622","RIG-I-like receptor signaling pathway",0,30,34,3883,0,"0/34","30/3883",0,1,"",1,""
"KEGG","mmu04623","Cytosolic DNA-sensing pathway",0,27,34,3883,0,"0/34","27/3883",0,1,"",1,""
"KEGG","mmu04625","C-type lectin receptor signaling pathway",0,47,34,3883,0,"0/34","47/3883",0,1,"",1,""
"KEGG","mmu04630","JAK-STAT signaling pathway",0,35,34,3883,0,"0/34","35/3883",0,1,"",1,""
"KEGG","mmu04650","Natural killer cell mediated cytotoxicity",0,43,34,3883,0,"0/34","43/3883",0,1,"",1,""
"KEGG","mmu04657","IL-17 signaling pathway",0,34,34,3883,0,"0/34","34/3883",0,1,"",1,""
"KEGG","mmu04660","T cell receptor signaling pathway",0,67,34,3883,0,"0/34","67/3883",0,1,"",1,""
"KEGG","mmu04662","B cell receptor signaling pathway",0,37,34,3883,0,"0/34","37/3883",0,1,"",1,""
"KEGG","mmu04664","Fc epsilon RI signaling pathway",0,36,34,3883,0,"0/34","36/3883",0,1,"",1,""
"KEGG","mmu04666","Fc gamma R-mediated phagosome formation",0,69,34,3883,0,"0/34","69/3883",0,1,"",1,""
"KEGG","mmu04668","TNF signaling pathway",0,50,34,3883,0,"0/34","50/3883",0,1,"",1,""
"KEGG","mmu04670","Leukocyte transendothelial migration",0,66,34,3883,0,"0/34","66/3883",0,1,"",1,""
"KEGG","mmu04710","Circadian rhythm",0,15,34,3883,0,"0/34","15/3883",0,1,"",1,""
"KEGG","mmu04714","Thermogenesis",0,173,34,3883,0,"0/34","173/3883",0,1,"",1,""
"KEGG","mmu04720","Long-term potentiation",0,51,34,3883,0,"0/34","51/3883",0,1,"",1,""
"KEGG","mmu04721","Synaptic vesicle cycle",0,60,34,3883,0,"0/34","60/3883",0,1,"",1,""
"KEGG","mmu04722","Neurotrophin signaling pathway",0,74,34,3883,0,"0/34","74/3883",0,1,"",1,""
"KEGG","mmu04730","Long-term depression",0,46,34,3883,0,"0/34","46/3883",0,1,"",1,""
"KEGG","mmu04740","Olfactory transduction",0,27,34,3883,0,"0/34","27/3883",0,1,"",1,""
"KEGG","mmu04742","Taste transduction",0,28,34,3883,0,"0/34","28/3883",0,1,"",1,""
"KEGG","mmu04814","Motor proteins",0,89,34,3883,0,"0/34","89/3883",0,1,"",1,""
"KEGG","mmu04910","Insulin signaling pathway",0,89,34,3883,0,"0/34","89/3883",0,1,"",1,""
"KEGG","mmu04911","Insulin secretion",0,48,34,3883,0,"0/34","48/3883",0,1,"",1,""
"KEGG","mmu04912","GnRH signaling pathway",0,52,34,3883,0,"0/34","52/3883",0,1,"",1,""
"KEGG","mmu04913","Ovarian steroidogenesis",0,17,34,3883,0,"0/34","17/3883",0,1,"",1,""
"KEGG","mmu04914","Progesterone-mediated oocyte maturation",0,54,34,3883,0,"0/34","54/3883",0,1,"",1,""
"KEGG","mmu04915","Estrogen signaling pathway",0,65,34,3883,0,"0/34","65/3883",0,1,"",1,""
"KEGG","mmu04916","Melanogenesis",0,42,34,3883,0,"0/34","42/3883",0,1,"",1,""
"KEGG","mmu04917","Prolactin signaling pathway",0,35,34,3883,0,"0/34","35/3883",0,1,"",1,""
"KEGG","mmu04918","Thyroid hormone synthesis",0,37,34,3883,0,"0/34","37/3883",0,1,"",1,""
"KEGG","mmu04920","Adipocytokine signaling pathway",0,41,34,3883,0,"0/34","41/3883",0,1,"",1,""
"KEGG","mmu04921","Oxytocin signaling pathway",0,97,34,3883,0,"0/34","97/3883",0,1,"",1,""
"KEGG","mmu04922","Glucagon signaling pathway",0,59,34,3883,0,"0/34","59/3883",0,1,"",1,""
"KEGG","mmu04923","Regulation of lipolysis in adipocytes",0,32,34,3883,0,"0/34","32/3883",0,1,"",1,""
"KEGG","mmu04924","Renin secretion",0,34,34,3883,0,"0/34","34/3883",0,1,"",1,""
"KEGG","mmu04925","Aldosterone synthesis and secretion",0,49,34,3883,0,"0/34","49/3883",0,1,"",1,""
"KEGG","mmu04927","Cortisol synthesis and secretion",0,29,34,3883,0,"0/34","29/3883",0,1,"",1,""
"KEGG","mmu04928","Parathyroid hormone synthesis, secretion and action",0,58,34,3883,0,"0/34","58/3883",0,1,"",1,""
"KEGG","mmu04929","GnRH secretion",0,39,34,3883,0,"0/34","39/3883",0,1,"",1,""
"KEGG","mmu04930","Type II diabetes mellitus",0,25,34,3883,0,"0/34","25/3883",0,1,"",1,""
"KEGG","mmu04931","Insulin resistance",0,64,34,3883,0,"0/34","64/3883",0,1,"",1,""
"KEGG","mmu04932","Non-alcoholic fatty liver disease",0,101,34,3883,0,"0/34","101/3883",0,1,"",1,""
"KEGG","mmu04933","AGE-RAGE signaling pathway in diabetic complications",0,53,34,3883,0,"0/34","53/3883",0,1,"",1,""
"KEGG","mmu04934","Cushing syndrome",0,65,34,3883,0,"0/34","65/3883",0,1,"",1,""
"KEGG","mmu04936","Alcoholic liver disease",0,60,34,3883,0,"0/34","60/3883",0,1,"",1,""
"KEGG","mmu04960","Aldosterone-regulated sodium reabsorption",0,21,34,3883,0,"0/34","21/3883",0,1,"",1,""
"KEGG","mmu04961","Endocrine and other factor-regulated calcium reabsorption",0,36,34,3883,0,"0/34","36/3883",0,1,"",1,""
"KEGG","mmu04962","Vasopressin-regulated water reabsorption",0,32,34,3883,0,"0/34","32/3883",0,1,"",1,""
"KEGG","mmu04964","Proximal tubule bicarbonate reclamation",0,17,34,3883,0,"0/34","17/3883",0,1,"",1,""
"KEGG","mmu04966","Collecting duct acid secretion",0,15,34,3883,0,"0/34","15/3883",0,1,"",1,""
"KEGG","mmu04970","Salivary secretion",0,43,34,3883,0,"0/34","43/3883",0,1,"",1,""
"KEGG","mmu04972","Pancreatic secretion",0,46,34,3883,0,"0/34","46/3883",0,1,"",1,""
"KEGG","mmu04973","Carbohydrate digestion and absorption",0,19,34,3883,0,"0/34","19/3883",0,1,"",1,""
"KEGG","mmu04974","Protein digestion and absorption",0,27,34,3883,0,"0/34","27/3883",0,1,"",1,""
"KEGG","mmu04975","Fat digestion and absorption",0,14,34,3883,0,"0/34","14/3883",0,1,"",1,""
"KEGG","mmu04978","Mineral absorption",0,25,34,3883,0,"0/34","25/3883",0,1,"",1,""
"KEGG","mmu04979","Cholesterol metabolism",0,23,34,3883,0,"0/34","23/3883",0,1,"",1,""
"KEGG","mmu05017","Spinocerebellar ataxia",0,110,34,3883,0,"0/34","110/3883",0,1,"",1,""
"KEGG","mmu05030","Cocaine addiction",0,33,34,3883,0,"0/34","33/3883",0,1,"",1,""
"KEGG","mmu05031","Amphetamine addiction",0,44,34,3883,0,"0/34","44/3883",0,1,"",1,""
"KEGG","mmu05033","Nicotine addiction",0,27,34,3883,0,"0/34","27/3883",0,1,"",1,""
"KEGG","mmu05100","Bacterial invasion of epithelial cells",0,62,34,3883,0,"0/34","62/3883",0,1,"",1,""
"KEGG","mmu05132","Salmonella infection",0,168,34,3883,0,"0/34","168/3883",0,1,"",1,""
"KEGG","mmu05133","Pertussis",0,30,34,3883,0,"0/34","30/3883",0,1,"",1,""
"KEGG","mmu05135","Yersinia infection",0,91,34,3883,0,"0/34","91/3883",0,1,"",1,""
"KEGG","mmu05144","Malaria",0,15,34,3883,0,"0/34","15/3883",0,1,"",1,""
"KEGG","mmu05165","Human papillomavirus infection",0,148,34,3883,0,"0/34","148/3883",0,1,"",1,""
"KEGG","mmu05202","Transcriptional misregulation in cancer",0,45,34,3883,0,"0/34","45/3883",0,1,"",1,""
"KEGG","mmu05203","Viral carcinogenesis",0,92,34,3883,0,"0/34","92/3883",0,1,"",1,""
"KEGG","mmu05205","Proteoglycans in cancer",0,113,34,3883,0,"0/34","113/3883",0,1,"",1,""
"KEGG","mmu05206","MicroRNAs in cancer",0,81,34,3883,0,"0/34","81/3883",0,1,"",1,""
"KEGG","mmu05208","Chemical carcinogenesis - reactive oxygen species",0,161,34,3883,0,"0/34","161/3883",0,1,"",1,""
"KEGG","mmu05210","Colorectal cancer",0,50,34,3883,0,"0/34","50/3883",0,1,"",1,""
"KEGG","mmu05211","Renal cell carcinoma",0,47,34,3883,0,"0/34","47/3883",0,1,"",1,""
"KEGG","mmu05212","Pancreatic cancer",0,46,34,3883,0,"0/34","46/3883",0,1,"",1,""
"KEGG","mmu05213","Endometrial cancer",0,35,34,3883,0,"0/34","35/3883",0,1,"",1,""
"KEGG","mmu05214","Glioma",0,40,34,3883,0,"0/34","40/3883",0,1,"",1,""
"KEGG","mmu05215","Prostate cancer",0,48,34,3883,0,"0/34","48/3883",0,1,"",1,""
"KEGG","mmu05216","Thyroid cancer",0,14,34,3883,0,"0/34","14/3883",0,1,"",1,""
"KEGG","mmu05217","Basal cell carcinoma",0,12,34,3883,0,"0/34","12/3883",0,1,"",1,""
"KEGG","mmu05218","Melanoma",0,25,34,3883,0,"0/34","25/3883",0,1,"",1,""
"KEGG","mmu05219","Bladder cancer",0,16,34,3883,0,"0/34","16/3883",0,1,"",1,""
"KEGG","mmu05220","Chronic myeloid leukemia",0,45,34,3883,0,"0/34","45/3883",0,1,"",1,""
"KEGG","mmu05221","Acute myeloid leukemia",0,36,34,3883,0,"0/34","36/3883",0,1,"",1,""
"KEGG","mmu05223","Non-small cell lung cancer",0,39,34,3883,0,"0/34","39/3883",0,1,"",1,""
"KEGG","mmu05224","Breast cancer",0,44,34,3883,0,"0/34","44/3883",0,1,"",1,""
"KEGG","mmu05225","Hepatocellular carcinoma",0,82,34,3883,0,"0/34","82/3883",0,1,"",1,""
"KEGG","mmu05226","Gastric cancer",0,49,34,3883,0,"0/34","49/3883",0,1,"",1,""
"KEGG","mmu05230","Central carbon metabolism in cancer",0,45,34,3883,0,"0/34","45/3883",0,1,"",1,""
"KEGG","mmu05231","Choline metabolism in cancer",0,65,34,3883,0,"0/34","65/3883",0,1,"",1,""
"KEGG","mmu05235","PD-L1 expression and PD-1 checkpoint pathway in cancer",0,44,34,3883,0,"0/34","44/3883",0,1,"",1,""
"KEGG","mmu05410","Hypertrophic cardiomyopathy",0,58,34,3883,0,"0/34","58/3883",0,1,"",1,""
"KEGG","mmu05414","Dilated cardiomyopathy",0,61,34,3883,0,"0/34","61/3883",0,1,"",1,""
"KEGG","mmu05415","Diabetic cardiomyopathy",0,149,34,3883,0,"0/34","149/3883",0,1,"",1,""
"KEGG","mmu05418","Fluid shear stress and atherosclerosis",0,82,34,3883,0,"0/34","82/3883",0,1,"",1,""
