"Accession","GeneName","GeneID","Description","MissingFractionControl","MissingFractionAsphyxia","AveExpr","log2FoldChange","t","pvalue","padj","B","FDRRegulation","ThresholdRegulation","ExploratoryRegulation"
"Q8CAM5","Rab36","76877","Ras-related protein Rab-36",0.25,0,11.7892464621232,1.35900420893722,5.10664221085688,0.000552311653460289,0.999906683574988,-2.67364657064531,"Not significant","Not significant","Up"
"Q9D6J4","Necab3","56846","N-terminal EF-hand calcium-binding protein 3",0,0.25,15.8458890248284,-0.801619827966977,-4.90914430901416,0.000729884897234686,0.999906683574988,-2.73315935110975,"Not significant","Not significant","Down"
"Q99MS3","Mpv17l","93734","Mpv17-like protein",0,0,15.2615446416725,0.83049706863425,4.7544911882449,0.000911524547983801,0.999906683574988,-2.7824797411859,"Not significant","Not significant","Up"
"Q8K479","C1qtnf5","235312","Complement C1q tumor necrosis factor-related protein 5",0.5,0,11.8007320246074,1.29385247049895,4.51222465637828,0.00130010167540718,0.999906683574988,-2.86482089048846,"Not significant","Not significant","Up"
"P01864","P01864","621968","Ig gamma-2A chain C region secreted form",0,0,14.8394103981847,-0.92134903585568,-4.03076667841182,0.00269902530226431,0.999906683574988,-3.04828850876634,"Not significant","Not significant","Down"
"P01872","Ighm","14999","Immunoglobulin heavy constant mu",0,0,13.9042749449343,-0.575834483694427,-3.89107464787308,0.00335611468135156,0.999906683574988,-3.10676645555737,"Not significant","Not significant","Down"
"Q3U1N2","Srebf2","20788","Sterol regulatory element-binding protein 2",0.25,0,9.66765759591001,4.22866409296227,3.90914625919531,0.00431753683873239,0.999906683574988,-3.21601295074512,"Not significant","Not significant","Up"
"Q8CG80","Shf","435684","SH2 domain-containing adapter protein F",0.25,0,14.9908585803942,0.610544627593171,3.64421252083459,0.00496277505530098,0.999906683574988,-3.21613077486152,"Not significant","Not significant","Up"
"O08677","Kng1","16644","Kininogen-1",0,0,17.0917353547583,-0.64979308396973,-3.56918282265422,0.00577725967969015,0.999906683574988,-3.26423731822997,"Not significant","Not significant","Down"
"Q9JKB3","Ybx3","56449","Y-box-binding protein 3",0,0,12.87433364644,0.5318340208182,3.54025960784541,0.00586435222218763,0.999906683574988,-3.26451483818774,"Not significant","Not significant","Up"
"P61205","Arf3","11842","ADP-ribosylation factor 3",0,0,17.7420483066579,0.704820500177053,3.53558312802831,0.00639611524088353,0.999906683574988,-3.29998374291179,"Not significant","Not significant","Up"
"Q9D270","Zdhhc21","68268","Palmitoyltransferase ZDHHC21",0,0,14.3011221271142,-0.743360602371201,-3.41946665238989,0.00713046194802662,0.999906683574988,-3.3224772958899,"Not significant","Not significant","Down"
"Q8CD15","Riox2","67014","Ribosomal oxygenase 2",0.25,0,13.2952008738556,1.00488783312835,3.40510904601921,0.00730273657817491,0.999906683574988,-3.32971507330817,"Not significant","Not significant","Up"
"Q8BGB8","Coq4","227683","Ubiquinone biosynthesis protein COQ4 homolog, mitochondrial",0,0.5,15.4866800153266,-0.621508932431098,-3.37383262335862,0.00768006277737504,0.999906683574988,-3.34485982480243,"Not significant","Not significant","Down"
"Q3U0B3","Dhrs11","192970","Dehydrogenase/reductase SDR family member 11",0,0,14.9682799203873,0.596750679224151,3.30627630413698,0.00857567444101125,0.999906683574988,-3.37847983043636,"Not significant","Not significant","Up"
"P03987","P03987","16136","Ig gamma-3 chain C region",0,0.25,13.1497856585008,-1.02280461964333,-3.24233416520042,0.00961942525707062,0.999906683574988,-3.41500102518166,"Not significant","Not significant","Down"
"P63078","Gng8","14709","Guanine nucleotide-binding protein G(I)/G(S)/G(O) subunit gamma-8",0,0.5,11.5775374401495,-2.32548231213091,-3.32118640584983,0.00968375368845203,0.999906683574988,-3.43123473384944,"Not significant","Not significant","Down"
"A2A9Q0","Fndc10","230991","Fibronectin type III domain-containing protein 10",0.5,0,11.7381759453446,0.667736216896728,3.20392365276023,0.0101437355589161,0.999906683574988,-3.43050866148486,"Not significant","Not significant","Up"
"P58686","Bbln","73737","Bublin coiled-coil protein",0.25,0,13.1962022187216,0.803646775133901,3.1999604493001,0.010210097442082,0.999906683574988,-3.43254946191546,"Not significant","Not significant","Up"
"P29699","Ahsg","11625","Alpha-2-HS-glycoprotein",0,0,15.7866195465018,-0.61329132396483,-3.1935628520441,0.0103197518706226,0.999906683574988,-3.43591134649739,"Not significant","Not significant","Down"
"Q69ZS0","Pdzrn3","55983","E3 ubiquitin-protein ligase PDZRN3",0.5,0,14.7551744826027,0.979463931089947,3.20722289881077,0.0106855321542173,0.999906683574988,-3.45248324398813,"Not significant","Not significant","Up"
"Q8VCA6","Tmem161a","234371","Transmembrane protein 161A",0.25,0,14.8574620541687,0.576166878146752,3.13376175524109,0.0113871833004155,0.999906683574988,-3.46692261362782,"Not significant","Not significant","Up"
"Q9JI91","Actn2","11472","Alpha-actinin-2",0,0,19.2421909049441,-0.613405539447026,-3.14773060950839,0.011959191327294,0.999906683574988,-3.48911562171677,"Not significant","Not significant","Down"
"A2ABV5","Med14","26896","Mediator of RNA polymerase II transcription subunit 14",0,0,11.5073087939489,0.531589134310853,3.08746565781762,0.0122926265853039,0.999906683574988,-3.49127773218761,"Not significant","Not significant","Up"
"O70348","Dxo","112403","Decapping and exoribonuclease protein",0.5,0.25,14.0158357908594,1.12820002665085,3.11277512212346,0.0125197496737611,0.999906683574988,-3.50248514130601,"Not significant","Not significant","Up"
"Q8BRG8","Tmem209","72649","Transmembrane protein 209",0,0,14.0638163987044,0.613403594832548,3.04013455615159,0.0132949216717879,0.999906683574988,-3.51644203845106,"Not significant","Not significant","Up"
"Q8BL06","Usp54","78787","Ubiquitin carboxyl-terminal hydrolase 54",0,0.5,10.1765747503226,-3.80246108821209,-3.17467775806847,0.0133493837005361,0.999906683574988,-3.53736326325343,"Not significant","Not significant","Down"
"P70193","Lrig1","16206","Leucine-rich repeats and immunoglobulin-like domains protein 1",0.5,0,9.08673702691259,0.602884392431822,2.9869389062334,0.0145218676564086,0.999906683574988,-3.54503814314451,"Not significant","Not significant","Up"
"Q61475","Cd55","13136","Complement decay-accelerating factor, GPI-anchored",0,0.25,9.96374065848611,-0.648687698720932,-2.97412926942083,0.0148342466885939,0.999906683574988,-3.55197301524213,"Not significant","Not significant","Down"
"Q9EPA7","Nmnat1","66454","Nicotinamide/nicotinic acid mononucleotide adenylyltransferase 1",0,0.5,10.1379161044326,-0.684335302031695,-2.96851947350572,0.0149732018457096,0.999906683574988,-3.55501595162633,"Not significant","Not significant","Down"
"Q6ZQ73","Cand2","67088","Cullin-associated NEDD8-dissociated protein 2",0.5,0,13.3885970216708,0.697428805602977,2.94303241149938,0.0156214481924292,0.999906683574988,-3.56888597915036,"Not significant","Not significant","Up"
"Q80YT7","Pde4dip","83679","Myomegalin",0,0,7.83619475311144,0.938915833220442,2.93426346545286,0.0158510421354228,0.999906683574988,-3.57367497888621,"Not significant","Not significant","Up"
"P32648","Vip","22353","VIP peptides",0.25,0,9.2300683904215,0.67969820207453,2.91727183165356,0.0163057673186846,0.999906683574988,-3.58297913544831,"Not significant","Not significant","Up"
"Q8VEM9","Klhdc3","71765","Kelch domain-containing protein 3",0,0.5,8.7473764618845,-1.25796917318663,-2.91247954505211,0.0164364043608607,0.999906683574988,-3.58560906996745,"Not significant","Not significant","Down"
"P01837","Igkc","16136","Immunoglobulin kappa constant",0,0,15.9550789301434,-0.587880245141148,-2.9107499843429,0.0166141990454468,0.999906683574988,-3.58970797715867,"Not significant","Not significant","Down"
"Q6NXN1","Szrd1","213491","SUZ RNA-binding domain-containing",0.25,0,11.0384908054615,0.666695095627349,2.80525971770219,0.0196546123743067,0.999906683574988,-3.6451016331622,"Not significant","Not significant","Up"
"Q8K190","Saysd1","67509","SAYSvFN domain-containing protein 1",0,0.5,7.79592073930914,-1.63590892007265,-2.80395919701989,0.0198400908646031,0.999906683574988,-3.64866675127902,"Not significant","Not significant","Down"
"Q6PGH2","Jpt2","52009","Jupiter microtubule associated homolog 2",0,0,13.4842834129293,-0.824691990758797,-2.79991757401524,0.0199613511442633,0.999906683574988,-3.650674136496,"Not significant","Not significant","Down"
"Q60613","Adora2a","11540","Adenosine receptor A2a",0,0.5,12.1043219289323,-1.27309259435957,-2.81341314563128,0.0202492038906328,0.999906683574988,-3.65755860458478,"Not significant","Not significant","Down"
"Q69ZB3","Tspyl5","239364","Testis-specific Y-encoded-like protein 5",0,0,12.5347792453541,0.6594707604555,2.7801238859842,0.0204973982820834,0.999906683574988,-3.65922403508142,"Not significant","Not significant","Up"
"Q07456","Ambp","11699","Protein AMBP",0,0.5,12.1508978139122,-0.668132627799098,-2.77058010175273,0.0208268904907081,0.999906683574988,-3.66460302344808,"Not significant","Not significant","Down"
"P52431","Pold1","18971","DNA polymerase delta catalytic subunit",0,0.25,8.12190757544469,-0.871571419409136,-2.76916800611894,0.0208760948383809,0.999906683574988,-3.66539967859337,"Not significant","Not significant","Down"
"Q9QXC1","Fetub","59083","Fetuin-B",0,0,12.9138654567758,-0.681262401006,-2.76484569057691,0.0210274370625527,0.999906683574988,-3.66783942546662,"Not significant","Not significant","Down"
"Q9JHJ3","Glmp","56700","Glycosylated lysosomal membrane protein",0,0.5,11.5685501507352,-0.933218031688623,-2.75950082635266,0.0212161172558658,0.999906683574988,-3.67085894571607,"Not significant","Not significant","Down"
"B2RXA1","Plcxd2","433022","PI-PLC X domain-containing protein 2",0,0,13.8105705283945,0.693554788230248,2.71491713798256,0.0228580861191762,0.999906683574988,-3.69615599811295,"Not significant","Not significant","Up"
"P22599","Serpina1b","20701","Alpha-1-antitrypsin 1-2",0,0,15.8453610052027,-0.646952728251875,-2.72642152851077,0.0231531080080607,0.999906683574988,-3.70198644094021,"Not significant","Not significant","Down"
"Q7TT45","Rragd","52187","Ras-related GTP-binding protein D",0,0,12.9806805321101,-0.576470327728671,-2.68692379646045,0.0239539355831866,0.999906683574988,-3.7121377291064,"Not significant","Not significant","Down"
"Q9R0N8","Syt6","54524","Synaptotagmin-6",0,0,15.0523918368204,-0.760010940395853,-2.69629515789284,0.0244076657208455,0.999906683574988,-3.71998632717188,"Not significant","Not significant","Down"
"Q80X32","Q80X32","78521","UPF0461 protein C5orf24 homolog",0,0.25,15.8288128811831,-1.03682791012093,-2.72757862652662,0.0246829365601415,0.999906683574988,-3.7265397749054,"Not significant","Not significant","Down"
"Q9ESB3","Hrg","94175","Histidine-rich glycoprotein",0,0,12.694578699929,-0.622020179500247,-2.64438999971001,0.0257210099301235,0.999906683574988,-3.73656049045647,"Not significant","Not significant","Down"
"Q9CR24","Nudt8","66387","Mitochondrial coenzyme A diphosphatase NUDT8",0.25,0,9.14807608495176,0.89792745847012,2.63652975423769,0.0260616200132295,0.999906683574988,-3.74109177326935,"Not significant","Not significant","Up"
"Q64435","Ugt1a6","94284","UDP-glucuronosyltransferase 1A6",0,0,11.9958276478863,1.08126437197147,2.61241268165271,0.0277159195769645,0.999906683574988,-3.76300188608809,"Not significant","Not significant","Up"
"Q925N1","Sfxn4","94281","Sideroflexin-4",0,0,14.2195732572341,0.527288389595673,2.59550916073103,0.0279139266356074,0.999906683574988,-3.76482721822077,"Not significant","Not significant","Up"
"Q7TQA1","Igsf1","209268","Immunoglobulin superfamily member 1",0.5,0,14.7877789740953,1.31361022450022,2.62579121157471,0.0293765880421348,0.999906683574988,-3.78541706036628,"Not significant","Not significant","Up"
"Q91WZ8","Dtnbp1","94245","Dysbindin",0.25,0,15.8679412941826,0.516236313615224,2.56401777936288,0.0295969405242094,0.999906683574988,-3.78531744058895,"Not significant","Not significant","Up"
"Q00897","Serpina1d","20703","Alpha-1-antitrypsin 1-4",0,0,18.3424975720225,-0.572279001339677,-2.58769407127693,0.0296070821029598,0.999906683574988,-3.78646010709573,"Not significant","Not significant","Down"
"P30875","Sstr2","20606","Somatostatin receptor type 2",0.25,0,10.6164791795827,0.502164704095099,2.55240867204155,0.0300022035058788,0.999906683574988,-3.78991913522656,"Not significant","Not significant","Up"
"P07758","Serpina1a","20700","Alpha-1-antitrypsin 1-1",0,0,17.4908726885033,-0.581480985180555,-2.57555782854089,0.0301991704947449,0.999906683574988,-3.79327281583155,"Not significant","Not significant","Down"
"O88879","Apaf1","11783","Apoptotic protease-activating factor 1",0,0.5,10.7408126803334,-1.00283799327216,-2.51788264008542,0.0317953836402768,0.999906683574988,-3.81022445019912,"Not significant","Not significant","Down"
"Q00898","Serpina1e","20704","Alpha-1-antitrypsin 1-5",0,0,19.7231475099881,-0.567077164510998,-2.55126099179283,0.0322457279086056,0.999906683574988,-3.81646218382275,"Not significant","Not significant","Down"
"Q6W8Q3","Pcp4l1","66425","Purkinje cell protein 4-like protein 1",0,0,16.6945830845647,-1.15459687255937,-2.578226057827,0.0329847677980785,0.999906683574988,-3.82574373533532,"Not significant","Not significant","Down"
"Q61143","Trpc6","22068","Short transient receptor potential channel 6",0.5,0,12.1330811600627,0.626747234213177,2.49487592679423,0.0330344551444438,0.999906683574988,-3.82364218727362,"Not significant","Not significant","Up"
"Q91WA6","Sharpin","106025","Sharpin",0,0,7.63180251853637,-0.703102795323321,-2.48265944793508,0.0337165497461862,0.999906683574988,-3.83083474638437,"Not significant","Not significant","Down"
"P06683","C9","12279","Complement component C9",0,0,9.67127486136294,-0.963449061211362,-2.48052549883033,0.033837123168609,0.999906683574988,-3.83209222605355,"Not significant","Not significant","Down"
"O70494","Sp3","20687","Transcription factor Sp3",0.5,0,7.15619449392858,0.747327710950429,2.46244102138937,0.0348762669603209,0.999906683574988,-3.84276179320241,"Not significant","Not significant","Up"
"P07759","Serpina3k","20714","Serine protease inhibitor A3K",0,0,19.2931040017506,-0.533906872628577,-2.47021612266241,0.0365032528010271,0.999906683574988,-3.8592808262634,"Not significant","Not significant","Down"
"Q8C4U2","Tmem145","330485","Transmembrane protein 145",0,0,12.6205120414032,-0.706901891290627,-2.42578954673924,0.0370802264905023,0.999906683574988,-3.86445370941896,"Not significant","Not significant","Down"
"Q76LL6","Fhod3","225288","FH1/FH2 domain-containing protein 3",0,0,11.7982144154853,-0.518672373184152,-2.4173526889458,0.0376067526379549,0.999906683574988,-3.86945938397299,"Not significant","Not significant","Down"
"P97363","Sptlc2","20773","Serine palmitoyltransferase 2",0.25,0,12.2477215622671,0.530556544520602,2.40304935407936,0.0385163164045669,0.999906683574988,-3.87795584465109,"Not significant","Not significant","Up"
"P21614","Gc","14473","Vitamin D-binding protein",0,0,17.7813731747904,-0.530360322665182,-2.42476124986039,0.0386261224951481,0.999906683574988,-3.87897801436056,"Not significant","Not significant","Down"
"Q8CBC7","Ftsj1","54632","tRNA (cytidine(32)/guanosine(34)-2'-O)-methyltransferase",0,0,9.96510752873787,0.570349707228164,2.39886127369388,0.0387867266243657,0.999906683574988,-3.88044601321893,"Not significant","Not significant","Up"
"Q9DBY5","Cbx6","494448","Chromobox protein homolog 6",0,0.25,8.52455988247181,-0.62618940818826,-2.39612297701597,0.0389645408743198,0.999906683574988,-3.88207473275988,"Not significant","Not significant","Down"
"Q9JHE3","Asah2","54447","Neutral ceramidase",0.25,0,7.10638069625709,0.856106795186453,2.3654463230938,0.0410123112247582,0.999906683574988,-3.9003508847413,"Not significant","Not significant","Up"
"Q3U4H6","Hexd","238023","Hexosaminidase D",0,0.5,16.7430785652562,-0.806247546405377,-2.38968874375214,0.0425884287283274,0.999906683574988,-3.91324275276764,"Not significant","Not significant","Down"
"Q922K9","Frk","14302","Tyrosine-protein kinase FRK",0,0.25,14.3636609952643,-0.7467042085327,-2.34271338951801,0.0436537984500196,0.999906683574988,-3.92239270777855,"Not significant","Not significant","Down"
"Q8R5K4","Nol6","230082","Nucleolar protein 6",0,0,7.22164921948832,0.65699250292851,2.3144161644572,0.0446555870219393,0.999906683574988,-3.93086592014508,"Not significant","Not significant","Up"
"Q6A0D4","Rftn1","76438","Raftlin",0,0,13.9900445240249,-0.509307367041973,-2.26665550610691,0.0483516868225928,0.999906683574988,-3.95953795822072,"Not significant","Not significant","Down"
