"ID","m/z","Retention time (min)","Ion mode","Metabolites","Metabolites_cn","cid","HMDB","METLIN","Lipidmaps","PubChem","KEGG","ID Annotation","Annotation","ChEBI","Reactome_id","Reactome_Description","CAS","smiles","InChIKey","Super Class","Class","Sub Class","Super Class_cn","Class_cn","Sub Class_cn","level","Score","Isotope Similarity","Fragmentation Score","Fragment Ions","Adducts","Formula","Mass Error (ppm)","FeatureKey","log2FC","AverageExpression","t","Pvalue","padj","B","VIP","PredictiveLoading","SCorrelation","FDRSignificant","VIPCandidate","Direction","FeatureLabel"
"FT2319PR",217.10475,2.412,"pos","Trimethylolmelamine",NA,212642,"HMDB0259242",342337,NA,70549,NA,NA,NA,NA,NA,NA,NA,"OCNC1=NC(NCO)=NC(NCO)=N1","USDJGQLNFPZEON-UHFFFAOYSA-N","Organoheterocyclic compounds","Triazines","Aminotriazines","有机杂环化合物","三嗪类","氨基三嗪类","Level 4",36.8,95.19,0,"111.0432, 155.0698, 173.0797, 217.0412, 217.0550, 217.0653, 217.1031, 217.1443, 217.1546, 218.1093","M+H","C6H12N6O3",1.75,"FT2319PR",-6.96124488812441,18.2742455765831,-2.88476114113606,0.014073645737999,0.168271225747746,-2.83913515522667,4.4155633353762,-0.118705479212502,-0.632832371674214,FALSE,TRUE,"Down","Trimethylolmelamine"
"FT6140PR",502.38895,10.544,"pos","(9Z,12Z,15Z,18Z,21Z)-Tetracosa-9,12,15,18,21-pentaenoylcarnitine",NA,198171,"HMDB0241635",NA,NA,NA,NA,NA,NA,NA,NA,NA,NA,"CCC=CCC=CCC=CCC=CCC=CCCCCCCCC(=O)OC(CC([O-])=O)C[N+](C)(C)C","AQYQJMYFFSCGBI-UHFFFAOYSA-N","Lipids and lipid-like molecules","Fatty Acyls","Fatty acid esters","脂质和类脂质分子","脂肪酰基类","脂肪酸酯","Level 4",38.83,78.44,0,NA,"M+H","C31H51NO4",-0.297,"FT6140PR",5.28892182645012,14.5065183399022,4.18025148206177,0.00135714228400437,0.0962424046507313,-0.754055467061963,4.34417090085531,0.116786205835977,0.782594802857271,FALSE,TRUE,"Up","(9Z,12Z,15Z,18Z,21Z)-Tetracosa-9,12,15,18,21-pentaenoylcarnitine"
"FT5483PR",427.30522,10.922,"pos","Cetylmannoside",NA,204721,"HMDB0249840",NA,NA,368379,NA,NA,NA,NA,NA,NA,NA,"CCCCCCCCCCCCCCCCOC1OC(CO)C(O)C(O)C1O","PAEMERHSTIDLSE-UHFFFAOYSA-N","Lipids and lipid-like molecules","Fatty Acyls","Fatty acyl glycosides","脂质和类脂质分子","脂肪酰基类","脂肪酰糖苷","Level 3",47.91,88.99,85.17,"57.0700, 89.0600, 121.0649, 133.0856, 165.0910, 209.1175, 277.2172, 315.1775, 316.1832, 427.3048","M+Na","C22H44O6",5.174,"FT5483PR",5.78271028907271,17.4384472969528,2.6737723768785,0.0207132726275656,0.184923381819959,-3.18226107763683,4.22863598304962,0.113680231186259,0.649937770633977,FALSE,TRUE,"Up","Cetylmannoside"
"FT5944PR",478.38937,10.652,"pos","1alpha-hydroxy-18-(5-hydroxy-5-methylhexyloxy)-23,24,25,26,27-pentanorvitamin D3","1α-羟基-18-(5-羟基-5-甲基己氧基)-23,24,25,26,27-戊维生素D3",45751,NA,NA,"LMST03020588",9547683,NA,NA,NA,NA,NA,NA,NA,"[C@@H]1(O)C(=C)/C(=C\C=C2\[C@]3([H])CC[C@@](C(C)C)([H])[C@@]3(COCCCCC(O)(C)C)CCC\2)/C[C@@H](O)C1","JBRAFUPBKAAICS-LTNBWTJJSA-N","Lipids and lipid-like molecules","Steroids and steroid derivatives","Vitamin D and derivatives","脂质和类脂质分子","类固醇和类固醇衍生物","维生素D及其衍生物","Level 2",39.93,80.46,0,NA,"M+NH4","C29H48O4",0.629,"FT5944PR",5.15641269978224,14.8491560804146,3.32956752793529,0.0062302859855617,0.112501211174784,-2.11169777476132,4.15492800204528,0.111698707982457,0.719711663541219,FALSE,TRUE,"Up","1alpha-hydroxy-18-(5-hydroxy-5-methylhexyloxy)-23,24,25,26,27-pentanorvitamin D3"
"FT7896PR",884.59335,10.758,"pos","PC(20:5-3OH/20:0)","磷脂酰胆碱(20:5-3OH/20:0)",240105,"HMDB0287005",NA,NA,NA,NA,NA,NA,NA,NA,NA,NA,"[H][C@@](COC(=O)CCC[C@H](O)[C@@H](O)\C=C/C=C\C=C\C=C\[C@H](O)C\C=C/CC)(COP([O-])(=O)OCC[N+](C)(C)C)OC(=O)CCCCCCCCCCCCCCCCCCC","JOWJIXOIOFPSOA-ZIEUMNGSSA-N","Lipids and lipid-like molecules","Glycerophospholipids","Glycerophosphocholines","脂质和类脂质分子","甘油磷脂","甘油磷酸胆碱","Level 3",39.69,64.37,82.97,"87.0438, 89.0593, 91.0541, 121.0652, 133.0857, 147.0816, 184.0731, 233.1880, 277.2188, 304.3044","M+H","C48H86NO11P",-8.801,"FT7896PR",5.07050646337039,16.1788235380776,2.74120780123998,0.0183094272558992,0.178484906256808,-3.07294981466421,3.86626772055152,0.103938530074961,0.639507434038695,FALSE,TRUE,"Up","PC(20:5-3OH/20:0)"
"FT2885NR",302.16068,4.953,"neg","2-Hexenoylcarnitine","2-己烯酰肉碱",8313,"HMDB0013161",NA,"LMFA07070031",53481638,NA,NA,NA,NA,NA,NA,NA,"C(C[N+](C)(C)C)(OC(=O)/C=C/CCC)CC(=O)[O-]","JUAQYRSUSCWTQK-BQYQJAHWSA-N","Lipids and lipid-like molecules","Fatty Acyls","Fatty acid esters","脂质和类脂质分子","脂肪酰基类","脂肪酸酯","Level 2",44.69,90.81,0,NA,"M+FA-H","C13H23NO4",-0.791,"FT2885NR",-4.16825204973238,12.5927709013136,-3.48907237185681,0.00466023926975229,0.112448300984168,-1.85215398240924,3.64011917745827,-0.0978588819888342,-0.709672388177086,FALSE,TRUE,"Down","2-Hexenoylcarnitine"
"FT1270NR",200.07497,4.144,"neg","Methiopropamine",NA,208637,"HMDB0254533",NA,NA,436156,NA,NA,NA,NA,NA,NA,NA,"CNC(C)CC1=CC=CS1","HPHUWHKFQXTZPS-UHFFFAOYSA-N","Organic nitrogen compounds","Organonitrogen compounds","Amines","有机氮化合物","有机氮化合物","胺类","Level 4",41.61,91.36,0,NA,"M+FA-H","C8H13NS",-0.515,"FT1270NR",-3.86026595369663,14.2594539548393,-4.40211815751591,0.000923441287895617,0.0962424046507313,-0.414356328957743,3.54276956549647,-0.095241790700279,-0.754773041684264,FALSE,TRUE,"Down","Methiopropamine"
"FT4461PR",345.20592,6.911,"pos","11-Dehydrocorticosterone","11-去氢皮质甾酮",45060,"HMDB0004029",7003,"LMST02030192",13783449,"C05490","mmu00140","Steroid hormone biosynthesis",NA,NA,NA,"72-23-1","[C@@]12([H])CCC3=CC(=O)CC[C@]3(C)[C@@]1([H])C(=O)C[C@]1(C)C(C(=O)CO)CC[C@@]21[H]","FUFLCEKSBBHCMO-IWBQTIMDSA-N","Lipids and lipid-like molecules","Steroids and steroid derivatives","Hydroxysteroids","脂质和类脂质分子","类固醇和类固醇衍生物","羟基类固醇","Level 2",47.05,86.27,0,NA,"M+H","C21H28O4",-0.301,"FT4461PR",3.303457897849,14.1565272610804,3.72435350256783,0.00304668293872821,0.112448300984168,-1.47266952849277,3.43771569536352,0.0924175825415263,0.764748565349097,FALSE,TRUE,"Up","11-Dehydrocorticosterone"
"FT4483PR",347.22151,7.213,"pos","Corticosterone","皮质酮",45055,"HMDB0001547",6314,"LMST02030186",5753,"C02140","mmu00140,mmu04923,mmu04925,mmu05020","Steroid hormone biosynthesis|Regulation of lipolysis in adipocytes|Aldosterone synthesis and secretion|Prion disease",16827,"R-MMU-193993,R-MMU-211976,R-MMU-3371497,R-MMU-4090294","Mineralocorticoid biosynthesis|Endogenous sterols|HSP90 chaperone cycle for steroid hormone receptors (SHR) in the presence of ligand|SUMOylation of intracellular receptors","50-22-6","C1CC2[C@]([C@@]3([H])[C@@H](O)C[C@@]4(C)[C@@]([H])(CC[C@@]4(C(=O)CO)[H])[C@]13[H])(C)CCC(=O)C=2","OMFXVFTZEKFJBZ-HJTSIMOOSA-N","Lipids and lipid-like molecules","Steroids and steroid derivatives","Hydroxysteroids","脂质和类脂质分子","类固醇和类固醇衍生物","羟基类固醇","Level 1",61.01,96.74,68.65,"97.0652, 121.0648, 159.1174, 293.1897, 304.3096, 311.2018, 329.2130, 347.1832, 347.2249, 348.2204","M+H","C21H30O4",-0.49,"FT4483PR",3.01825871590246,17.3031027021725,4.02043526342226,0.00179740083420224,0.101322895997572,-1.00304469052813,3.32196154243027,0.0893057141000313,0.786318503093347,FALSE,TRUE,"Up","Corticosterone"
"FT7594PR",801.49546,10.797,"pos","SM(d18:2/20:5-OH)","鞘磷脂(d18:2/20:5-OH)",243686,"HMDB0290587",NA,NA,NA,NA,NA,NA,NA,NA,NA,NA,"[H][C@@](COP([O-])(=O)OCC[N+](C)(C)C)(NC(=O)CCC\C=C/C\C=C/C\C=C/C=C/CC(O)\C=C/CC)[C@H](O)\C=C\CCCCCCCC\C=C/CCC","FMYGNCUSHPNBAH-ITOOIGQYSA-N","Organic nitrogen compounds","Organonitrogen compounds","Quaternary ammonium salts","有机氮化合物","有机氮化合物","季铵盐","Level 3",46.78,88.69,53.6,"86.0965, 110.8460, 125.0000, 184.0730, 204.0862, 231.1070, 338.3064, 708.0774, 801.5046, 802.5029","M+K","C43H75N2O7P",1.417,"FT7594PR",4.1504658419815,17.6050900867982,2.18651362417157,0.0499514810373932,0.250949254272006,-3.95306804068044,3.26945093288781,0.087894048906705,0.554781760395913,FALSE,TRUE,"Up","SM(d18:2/20:5-OH)"
"FT6777NR",582.27245,5.909,"neg","Dihydroergotamine","双氢麦角胺",52703,"HMDB0014465",2259,NA,10531,"C07798",NA,NA,4562,NA,NA,"6190-39-2","[H][C@@]12CCCN1C(=O)[C@H](CC1=CC=CC=C1)N1C(=O)[C@](C)(NC(=O)[C@H]3CN(C)[C@]4([H])CC5=CNC6=CC=CC(=C56)[C@@]4([H])C3)O[C@@]21O","LUZRJRNZXALNLM-JGRZULCMSA-N","Alkaloids and derivatives","Ergoline and derivatives","Lysergic acids and derivatives","生物碱及其衍生物","麦角林及其衍生物","麦角酸及其衍生物","Level 4",43.29,87.35,0,NA,"M-H","C33H37N5O5",0.4,"FT6777NR",4.32143394447783,12.1335984853585,2.27996575289474,0.042282353776057,0.24689316285058,-3.80872162101591,3.22761322012986,0.0867693077661358,0.544661411517197,FALSE,TRUE,"Up","Dihydroergotamine"
"FT6406PR",538.2802,5.895,"pos","Tauro-b-muricholic acid","牛磺-β-鼠胆酸",47305,"HMDB0000932",5881,NA,168408,NA,NA,NA,NA,NA,NA,"25696-60-0","[H][C@@]12C[C@H](O)CC[C@]1(C)C1CC[C@]3(C)[C@H](CCC3C1[C@@H](O)[C@H]2O)[C@H](C)CCC(=O)NCCS(O)(=O)=O","XSOLDPYUICCHJX-OEYGYFRSSA-N","Lipids and lipid-like molecules","Steroids and steroid derivatives","Bile acids, alcohols and derivatives","脂质和类脂质分子","类固醇和类固醇衍生物","胆汁酸、醇及其衍生物","Level 2",40.97,76.52,0,NA,"M+Na","C26H45NO7S",-1.271,"FT6406PR",4.03602502008385,11.7905085436256,2.38948978201674,0.0347254462967752,0.230510819703355,-3.63709166555622,3.20499897138517,0.0861613592371763,0.568686971284103,FALSE,TRUE,"Up","Tauro-b-muricholic acid"
"FT4538NR",393.22863,8.007,"neg","FA(22:5;O4)","delta18-13-神经F",5432,NA,NA,"LMFA04020008",44188834,NA,NA,NA,NA,NA,NA,NA,"C(CC/C=C\C/C=C\C/C=C\CC1OC(C(O)/C=C/C(O)CC)CC1O)(=O)O","WDTITJNJJBBXNE-KBUBQVDUSA-N","Lipids and lipid-like molecules","Fatty Acyls","Fatty acids and conjugates","脂质和类脂质分子","脂肪酰基类","脂肪酸和结合物","Level 2",52.28,85.4,0,NA,"M-H","C22H34O6",0.913,"FT4538NR",2.40294521794983,15.9713577434352,5.43911029298326,0.000166510244512593,0.0866776255366041,1.06754425428544,3.10644307335935,0.0835118388440151,0.869354530387347,FALSE,TRUE,"Up","FA(22:5;O4)"
"FT5945NR",498.28983,6.747,"neg","Taurodeoxycholic acid","牛磺脱氧胆酸",46752,"HMDB0000896",57998,"LMST05040013",2733768,"C05463",NA,NA,9410,NA,NA,"516-50-7","[C@]12(CC[C@]3([H])C[C@H](O)CC[C@]3(C)[C@@]1([H])C[C@H](O)[C@]1(C)[C@@]([H])([C@@](C)([H])CCC(=O)NCCS(=O)(O)=O)CC[C@@]21[H])[H]","AWDRATDZQPNJFN-VAYUFCLWSA-N","Lipids and lipid-like molecules","Steroids and steroid derivatives","Bile acids, alcohols and derivatives","脂质和类脂质分子","类固醇和类固醇衍生物","胆汁酸、醇及其衍生物","Level 1",57.96,92.72,58.23,"51.4136, 61.9885, 90.5246, 146.9654, 148.9809, 209.6942, 304.3709, 415.1183, 498.2939","M-H","C26H45NO6S",0.682,"FT5945NR",4.25899965447187,12.9962503821118,2.09623627115908,0.0585984043322251,0.266715746280091,-4.09038282336217,3.08478503722227,0.0829295965878899,0.508962061118569,FALSE,FALSE,"Not selected","Taurodeoxycholic acid"
"FT6917NR",599.26317,5.907,"neg","Metkephamid",NA,208761,"HMDB0254677",NA,NA,12917802,NA,NA,NA,NA,NA,NA,NA,"CSCCC(N(C)C(=O)C(CC1=CC=CC=C1)NC(=O)CNC(=O)C(C)NC(=O)C(N)CC1=CC=C(O)C=C1)C(N)=O","FWDIKROEWJOQIQ-UHFFFAOYSA-N","Organic acids and derivatives","Carboxylic acids and derivatives","Amino acids, peptides, and analogues","有机酸及其衍生物","羧酸及其衍生物","氨基酸、肽和类似物","Level 2",39.75,75.42,0,NA,"M-H","C29H40N6O6S",-4.3,"FT6917NR",3.70852999526972,11.6267610312185,2.37769100656816,0.0354724099364827,0.232152767377732,-3.65569570103101,3.06693564475439,0.0824497437298012,0.566791328445408,FALSE,TRUE,"Up","Metkephamid"
"FT5963PR",480.40413,10.964,"pos","6-Deoxo-25-methyldolichosterone","6-脱氧-25-甲基胆甾酮",254880,"HMDB0301797",NA,NA,NA,NA,NA,NA,NA,NA,NA,NA,"[H][C@@]12CCC3C4CCC([C@H](C)[C@@H](O)[C@H](O)C(=C)C(C)(C)C)[C@@]4(C)CCC3[C@@]1(C)C[C@@H](O)[C@@H](O)C2","LCHQVKGTAJHVHI-DPRYMOCKSA-N","Lipids and lipid-like molecules","Steroids and steroid derivatives","Bile acids, alcohols and derivatives","脂质和类脂质分子","类固醇和类固醇衍生物","胆汁酸、醇及其衍生物","Level 2",40.6,80.2,0,NA,"M+NH4","C29H50O4",-1.236,"FT5963PR",3.36548595910883,15.3088077339786,2.51271141333862,0.0277804778841553,0.205989288141024,-3.44135793210997,3.04083892075863,0.0817481743280049,0.600839071927622,FALSE,TRUE,"Up","6-Deoxo-25-methyldolichosterone"
"FT6081PR",496.30569,10.637,"pos","O-(17-carboxyheptadecanoyl)carnitine","O-(17-羧基十七酰基)肉碱",8367,"HMDB0240777",NA,"LMFA07070085",71464574,NA,NA,NA,73104,NA,NA,NA,"O(C(CCCCCCCCCCCCCCCCC(=O)O)=O)C(CC(=O)[O-])C[N+](C)(C)C","ULCCGBCYWCYNIC-UHFFFAOYSA-N","Lipids and lipid-like molecules","Fatty Acyls","Fatty acid esters","脂质和类脂质分子","脂肪酰基类","脂肪酸酯","Level 2",38.85,72.66,0,NA,"M+K","C25H47NO6",4.419,"FT6081PR",4.30629480269051,20.1131868960235,1.79195493012901,0.099113272027469,0.343691296533064,-4.53400708425099,3.01729842876408,0.0811153252052842,0.46657193734442,FALSE,FALSE,"Not selected","O-(17-carboxyheptadecanoyl)carnitine"
"FT2547PR",232.13305,7.438,"pos","1-(m-Methoxycinnamoyl)pyrrolidine",NA,62186,"HMDB0038839",93474,NA,5373710,NA,NA,NA,157735,NA,NA,"29647-01-6","COC1=CC=CC(\C=C\C(=O)N2CCCC2)=C1","LAPTWLCIZWFMJK-BQYQJAHWSA-N","Phenylpropanoids and polyketides","Cinnamic acids and derivatives","Hydroxycinnamic acids and derivatives","苯丙素和聚酮化合物","肉桂酸及其衍生物","羟基肉桂酸及其衍生物","Level 4",41.54,91.12,0,NA,"M+H","C14H17NO2",-0.685,"FT2547PR",3.78605219753851,12.4596560586832,2.2306829291121,0.0461749531300321,0.250714768851061,-3.88510525371859,3.00125659348836,0.0806840656809113,0.537018640883857,FALSE,TRUE,"Up","1-(m-Methoxycinnamoyl)pyrrolidine"
"FT5010PR",383.27937,10.928,"pos","13,14-Dihydro-15-keto-20-ethyl prostaglandin f2alpha",NA,596128,NA,NA,NA,5354032,NA,NA,NA,NA,NA,NA,NA,"CCCCCCCC(=O)CCC1C(O)CC(O)C1C/C=C/CCCC(=O)O","TVHAZVBUYQMHBC-RMKNXTFCSA-N","Lipids and lipid-like molecules","Fatty Acyls","Eicosanoids","脂质和类脂质分子","脂肪酰基类","类二十烷酸","Level 3",51.61,95.24,88.14,"57.0700, 89.0601, 121.0650, 133.0856, 165.0911, 177.1120, 209.1175, 271.1536, 272.1580, 383.2749","M+H","C22H38O5",0.43,"FT5010PR",3.05724423695405,19.0175030890661,2.5293586331185,0.0269525712300869,0.205503368937919,-3.4147315782341,2.98565358536553,0.0802646033347281,0.620339136256172,FALSE,TRUE,"Up","13,14-Dihydro-15-keto-20-ethyl prostaglandin f2alpha"
"FT6228PR",517.35292,10.716,"pos","Phytolaccinic acid","美商陆酸",58634,"HMDB0034640",90102,NA,13878339,NA,NA,NA,168218,NA,NA,"54928-05-1","COC(=O)C1(C)CCC2(CCC3(C)C(=CCC4C5(C)CCC(O)C(C)(CO)C5CCC34C)C2C1)C(O)=O","YAGYBNOEVSEGSL-UHFFFAOYSA-N","Lipids and lipid-like molecules","Prenol lipids","Triterpenoids","脂质和类脂质分子","异戊烯醇脂质","三萜类化合物","Level 2",48.02,79.04,0,NA,"M+H","C31H48O6",1.09,"FT6228PR",3.1958059295655,17.2939597339456,2.19842570781357,0.0489050743336054,0.250949254272006,-3.93478707753836,2.88040235254986,0.0774350893904953,0.558161116831274,FALSE,TRUE,"Up","Phytolaccinic acid"
"FT4683PR",361.23501,10.926,"pos","ebelactone a",NA,206272,"HMDB0251671",NA,NA,3192,NA,NA,NA,NA,NA,NA,NA,"CCC(C)C(O)C(C)C(=O)C(C)C=C(C)CC(C)C1OC(=O)C1C","WOISDAHQBUYEAF-UHFFFAOYSA-N","Lipids and lipid-like molecules","Prenol lipids","Terpene lactones","脂质和类脂质分子","异戊烯醇脂质","萜内酯","Level 1",62.21,89.12,47.75,"185.0803, 209.6445, 249.1086, 361.1279, 361.1500, 361.2384, 361.3196, 361.3417, 361.3712, 362.2358","M+Na","C20H34O4",0.238,"FT4683PR",2.82693904455966,19.5733181523876,2.53241524371696,0.0268031948361269,0.205503368937919,-3.40983841185059,2.85939743955134,0.0768704053232712,0.618125211951644,FALSE,TRUE,"Up","ebelactone a"
"FT2670NR",290.06272,1.262,"neg","6-Azauridine",NA,202318,"HMDB0247037",NA,NA,233502,NA,NA,NA,NA,NA,NA,NA,"OCC1OC(C(O)C1O)N1N=CC(=O)NC1=O","WYXSYVWAUAUWLD-UHFFFAOYSA-N","Organic oxygen compounds","Organooxygen compounds","Carbohydrates and carbohydrate conjugates","有机氧化合物","有机氧化合物","碳水化合物和碳水化合物结合物","Level 4",40.87,92.94,0,NA,"M+FA-H","C8H11N3O6",-0.924,"FT2670NR",2.9227132145934,15.9584111293611,2.07952577788843,0.0603461351193124,0.268113369475072,-4.11554820115039,2.85565374791466,0.0767697620585271,0.567223019702219,FALSE,FALSE,"Not selected","6-Azauridine"
"FT5194PR",400.16854,5.755,"pos","Pipazethate","匹哌氮酯",53704,"HMDB0015686",85584,NA,22425,NA,NA,NA,NA,NA,NA,"2167-85-3","O=C(OCCOCCN1CCCCC1)N1C2=CC=CC=C2SC2=C1N=CC=C2","DTVJXCOMJLLMAK-UHFFFAOYSA-N","Organosulfur compounds","Thioethers","Aryl thioethers","有机硫化合物","硫醚类","芳基硫醚","Level 4",38.27,82.46,0,NA,"M+H","C21H25N3O3S",-1.012,"FT5194PR",-3.19619950343638,12.176831437155,-2.45137678955723,0.0310497733968497,0.216416920576043,-3.53909965489116,2.84790996430174,-0.0765615826089596,-0.572795662146169,FALSE,TRUE,"Down","Pipazethate"
"FT5709PR",451.31409,10.757,"pos","(22E)-1alpha,25-dihydroxy-26-methyl-22,23-didehydrovitamin D3","(22E)-1α,25-二羟基-26-甲基-22,23-二脱氢维生素 D3",45489,NA,NA,"LMST03020320",5283768,NA,NA,NA,NA,NA,NA,NA,"[C@@H]1(O)C(=C)/C(=C\C=C2\[C@]3([H])CC[C@@]([H])([C@@]3(C)CCC\2)[C@]([H])(C)/C=C/CC(O)(C)CC)/C[C@@H](O)C1","RQYBOLUOBVMUJB-YURBVYATSA-N","Lipids and lipid-like molecules","Steroids and steroid derivatives","Vitamin D and derivatives","脂质和类脂质分子","类固醇和类固醇衍生物","维生素D及其衍生物","Level 2",46.73,89.25,34.33,"87.0437, 89.0600, 121.0648, 133.0855, 165.0910, 177.1117, 386.7379, 387.2359, 442.8028, 772.4727","M+Na","C28H44O3",-9.257,"FT5709PR",3.34831121742672,19.1088215366925,1.97184991357047,0.0728292134869445,0.291538422869839,-4.2756306376126,2.81744618698987,0.0757426118435634,0.512615810488216,FALSE,FALSE,"Not selected","(22E)-1alpha,25-dihydroxy-26-methyl-22,23-didehydrovitamin D3"
"FT5477NR",459.22835,5.385,"neg","Pro-Ile-Trp","脯氨酰-异亮氨酰-色氨酸",260487,NA,17745,NA,145457500,NA,NA,NA,NA,NA,NA,NA,"CCC(C)C(C(=O)NC(CC1=CNC2=CC=CC=C21)C(=O)O)NC(=O)C3CCCN3","ZTMLZUNPFDGPKY-VKOGCVSHSA-N","Organic acids and derivatives","Carboxylic acids and derivatives","Amino acids, peptides, and analogues","有机酸及其衍生物","羧酸及其衍生物","氨基酸、肽和类似物","Level 2",44.89,84.7,0,NA,"M+FA-H","C22H30N4O4",7.48,"FT5477NR",2.53827289924296,13.3373017387188,2.97192550985571,0.0119937293992899,0.156254754977665,-2.6966728538335,2.80488796712603,0.0754050038434583,0.671955599213842,FALSE,TRUE,"Up","Pro-Ile-Trp"
"FT4601PR",356.27953,10.926,"pos","Tridec-6-enoylcarnitine",NA,197860,"HMDB0241315",NA,NA,NA,NA,NA,NA,NA,NA,NA,NA,"CCCCCCC=CCCCCC(=O)OC(CC([O-])=O)C[N+](C)(C)C","BOHJDNPJNLTHQF-UHFFFAOYSA-N","Lipids and lipid-like molecules","Fatty Acyls","Fatty acid esters","脂质和类脂质分子","脂肪酰基类","脂肪酸酯","Level 3",48.7,96.45,69.56,"57.0701, 89.0591, 121.0649, 133.0858, 165.0908, 184.0730, 227.1263, 228.1299, 262.2541, 264.2678","M+H","C20H37NO4",-0.031,"FT4601PR",2.55950176752537,19.6789583035535,2.53459775301693,0.0266970302098502,0.205503368937919,-3.40634374855777,2.75144563395776,0.0739682907250782,0.625343420160152,FALSE,TRUE,"Up","Tridec-6-enoylcarnitine"
"FT2150NR",260.06711,4.727,"neg","Naftazone",NA,209421,"HMDB0255426",NA,NA,71688,NA,NA,NA,NA,NA,NA,NA,"NC(=O)N=NC1=C(O)C2=CC=CC=C2C=C1","AGSIRJFXAANBMW-UHFFFAOYSA-N","Benzenoids","Naphthalenes","Naphthols and derivatives","苯类","萘","萘酚及其衍生物","Level 4",42.32,91.45,0,NA,"M+FA-H","C11H9N3O2",-2.222,"FT2150NR",2.32220885498595,13.5288702757983,3.31739982390206,0.00637020049553428,0.112501211174784,-2.13155183289196,2.7086050451322,0.0728165888379053,0.69912395412513,FALSE,TRUE,"Up","Naftazone"
"FT7195PR",708.49016,10.83,"pos","Butyl 4'-O-butanoyl-6-O-hexadecanoyl-neohesperidoside",NA,38886,NA,NA,"LMSL05000005",56940684,NA,NA,NA,NA,NA,NA,NA,"C(OC[C@@H]1[C@@H](O)[C@H](O)[C@@H](O[C@H]2[C@H](O)[C@H](O)[C@@H](OC(CCC)=O)[C@H](C)O2)[C@H](OCCCC)O1)(CCCCCCCCCCCCCCC)=O","LIKCIOINGHXXRQ-OJOWQNSLSA-N","Lipids and lipid-like molecules","Saccharolipids","Unclassified","脂质和类脂质分子","糖脂",NA,"Level 3",42.21,99.37,89.2,"57.0700, 87.0444, 89.0600, 121.0648, 133.0854, 147.0812, 177.1119, 233.1917, 277.2167, 708.4830","M+NH4","C36H66O12",1.273,"FT7195PR",2.5622218052458,21.7866740101173,2.33537795907422,0.038280578901391,0.237169453282395,-3.72219332764525,2.65439221963766,0.0713591622445112,0.586776745668464,FALSE,TRUE,"Up","Butyl 4'-O-butanoyl-6-O-hexadecanoyl-neohesperidoside"
"FT7359PR",757.4699,10.812,"pos","PA(5-iso PGF2VI/19:2)","磷脂酸(5-iso PGF2VI/19:2)",217659,"HMDB0264557",NA,NA,NA,NA,NA,NA,NA,NA,NA,NA,"CCCCC\C=C/C\C=C/CCCCCCCCC(=O)O[C@H](COC(=O)C\C=C/C[C@@H]1[C@@H](O)C[C@@H](O)[C@@H]1\C=C\[C@H](O)CCCCC)COP(O)(O)=O","XEDQWFULFFDUCY-SNBTUBDZSA-N","Lipids and lipid-like molecules","Fatty Acyls","Eicosanoids","脂质和类脂质分子","脂肪酰基类","类二十烷酸","Level 3",41.66,91.16,52.64,"57.0699, 60.0812, 71.0858, 86.0965, 125.0000, 146.9819, 184.0733, 304.3215, 757.4562, 758.4428","M+H","C40H69O11P",6.433,"FT7359PR",2.59194921060995,19.2372845497524,2.19663678200039,0.0490608831276289,0.250949254272006,-3.93753476612572,2.60380672439955,0.0699992507230677,0.560208537182076,FALSE,TRUE,"Up","PA(5-iso PGF2VI/19:2)"
"FT7572PR",796.54246,10.796,"pos","PC(20:4-OH(5S)/16:1)","磷脂酰胆碱(20:4-OH(5S)/16:1)",239107,"HMDB0286006",NA,NA,NA,NA,NA,NA,NA,NA,NA,NA,"[H][C@@](COC(=O)CCC[C@H](O)\C=C\C=C/C\C=C/C\C=C/CCCCC)(COP([O-])(=O)OCC[N+](C)(C)C)OC(=O)CCCCCCC\C=C/CCCCCC","ICLPMIXFWKSAMY-YGLYSLOLSA-N","Lipids and lipid-like molecules","Glycerophospholipids","Glycerophosphocholines","脂质和类脂质分子","甘油磷脂","甘油磷酸胆碱","Level 3",46.11,88.94,90.78,"57.0699, 87.0443, 89.0598, 121.0646, 133.0852, 147.0810, 177.1118, 233.1911, 277.2161, 796.5303","M+H","C44H78NO9P",-7.841,"FT7572PR",2.51172866397173,20.2306921519271,2.23021471498194,0.0462135233091174,0.250714768851061,-3.88582820651905,2.58383182748105,0.0694622570190179,0.567770396680568,FALSE,TRUE,"Up","PC(20:4-OH(5S)/16:1)"
